,user,Tweet,Time
0,HerryNapit,"RT @HerryNapit: #Russia's invasion of #Ukraine worsens crises in Afghanistan, Lebanon, Myanmar, Palestine, Syria, Yemen, Tigray, Africa.â€¦",2022-06-23 09:57:26+00:00
1,HerryNapit,"RT @HerryNapit: Lysychansk. The father saw his son's body.

""Russian Peace"" congratulates on Father's DayğŸ’”

#Lysychansk #Ukraine #Ukraina #â€¦",2022-06-23 09:56:56+00:00
2,HerryNapit,"RT @HerryNapit: Ukraine war: Putin creates global food, fuel and financial crisis, push millions of people in Afghanistan, Lebanon, Myanmarâ€¦",2022-06-23 09:56:41+00:00
3,_aquariusmac,RT @AsianaTimes: #Putin is back on the world stage with the #BRICS2022  Summit. This will be his first time attending a forum with the headâ€¦,2022-06-23 09:56:30+00:00
4,HerryNapit,RT @HerryNapit: Russia: Did Putin try to poison a peace delegation in Ukraine? ğŸ˜±https://t.co/chBO92vJbD #Putinâ˜ ï¸ #Russia #Rusia #Russian #Râ€¦,2022-06-23 09:55:58+00:00
5,HerryNapit,"RT @HerryNapit: Ukraine war: Thousands of civilians have been killed, towns reduced to rubble. 

Russian FM, Lavrov says Russia is not squeâ€¦",2022-06-23 09:55:50+00:00
6,HerryNapit,"RT @HerryNapit: China, India, EU (France, Germany, etc.) major buyers of Russian oil are fueling Putin's war on Ukraine, spike food and fueâ€¦",2022-06-23 09:55:21+00:00
7,HerryNapit,"RT @HerryNapit: Putin's brutal war: Thousands of civilians have been killed, Ukrainian towns reduced to rubble, millions of Ukrainians haveâ€¦",2022-06-23 09:55:13+00:00
8,HerryNapit,RT @HerryNapit: Russia - Ukraine war: Heads shot and hands tied. Another mass grave was found in the #Bucha district of #Kyiv region. Accorâ€¦,2022-06-23 09:54:27+00:00
9,HerryNapit,"RT @HerryNapit: Russia - Ukraine war: Phone calls intercepted by Ukrainian intel &gt;&gt;&gt;&gt;&gt; Russian soldiers eat dogs, and come back home in cloâ€¦",2022-06-23 09:54:21+00:00
10,HerryNapit,RT @HerryNapit: Russia - Ukraine war: Ukrainian army and Ukrainians fight to protect their homeland. Defend themselves from the Russians. Tâ€¦,2022-06-23 09:54:13+00:00
11,HerryNapit,"RT @HerryNapit: Ukraine war: Russians are facing the brunt of the climate change crisis. Russian vehicles in #Bryansk region, Russia are onâ€¦",2022-06-23 09:53:52+00:00
12,hahahahabhe,RT @raging545: VIDEO of Ukrainian partisans destroying Russian military vehicles supposedly in the Russian occupied South of Ukraine.  #Ukrâ€¦,2022-06-23 09:53:20+00:00
13,TeresaSardinha9,"RT @WarAgainstPutin: Russian orcs dismantled and stole the biggest solar power station in #Ukraine, Tokmak Solar Energy. This is what Russiâ€¦",2022-06-23 09:52:27+00:00
14,WriterJackWhite,RT @kiraincongress: We need to make sure that we just take #russian money from all over the world where we can find it and send it to #Ukraâ€¦,2022-06-23 09:51:30+00:00
15,annie5133,RT @kiraincongress: We need to make sure that we just take #russian money from all over the world where we can find it and send it to #Ukraâ€¦,2022-06-23 09:43:47+00:00
16,AWhitta46916467,"RT @WarAgainstPutin: Russian orcs dismantled and stole the biggest solar power station in #Ukraine, Tokmak Solar Energy. This is what Russiâ€¦",2022-06-23 09:43:26+00:00
17,gplaucio,RT @WarAgainstPutin: Evil #Russia keeps destroying civilian infrastructure of #Ukraine. #Putin is new #Hitler. #ArmUkraineNow https://t.co/â€¦,2022-06-23 09:43:17+00:00
18,gplaucio,RT @raging545: VIDEO of a Ukrainian soldier with a Stinger MANPADs shooting down a Russian Orlan-10 military drone in Eastern #Ukraine.   #â€¦,2022-06-23 09:43:02+00:00
19,gplaucio,RT @Ewe_Paz_HeT: Russia will be as obliterated as it provokes. It must understand it now. Russia is nothing without West. As it was nothingâ€¦,2022-06-23 09:42:23+00:00
20,gplaucio,RT @raging545: IMAGE of Russian soldiers captured by Belarusian volunteers of the Ukraine Foreign Legion near Mykolaiv #Ukraine  #Russia #Pâ€¦,2022-06-23 09:41:40+00:00
21,gplaucio,"RT @Ewe_Paz_HeT: Today, months pass &amp; we realize that Russia is nothing. Neither a military partner of course, nor a civil partner since itâ€¦",2022-06-23 09:41:28+00:00
22,indian_ukraine,"RT @KIAAcademYsir: ğŸ’¡DAY-117 ... Stop WAR  &amp;  Make PEACE ..ğŸ•Šï¸

#UkraineRussiaWar #NATO #Ukraine #RussianUkrainianWar #RussiaUkraine   #WARINâ€¦",2022-06-23 09:40:33+00:00
23,pietakmp,RT @carolmswain: #Putin invaded #Ukraine thatâ€™s President Bidenâ€™s excuse for having wrecked the nationâ€™s economy and it standing in the worâ€¦,2022-06-23 09:33:56+00:00
24,gplaucio,RT @raging545: VIDEO from Severodonestk of Russian soldiers captured  after surrendering. There are some claims by captured Russian soldierâ€¦,2022-06-23 09:32:32+00:00
25,AjBaalman,"RT @Ewe_Paz_HeT: Criminals are always cynical, mocking, smiling and satisfied with their misdeeds. The day they hang on a rope, their prideâ€¦",2022-06-23 09:31:20+00:00
26,gplaucio,RT @kiraincongress: We need to make sure that we just take #russian money from all over the world where we can find it and send it to #Ukraâ€¦,2022-06-23 09:30:57+00:00
27,gplaucio,"RT @Ewe_Paz_HeT: Criminals are always cynical, mocking, smiling and satisfied with their misdeeds. The day they hang on a rope, their prideâ€¦",2022-06-23 09:30:47+00:00
28,ActionTime,RT @ActionTime: #RussianLosses Are HUGE: #Russian momentum in #Ukraine Could SLOW as #Russia Exhausts Resources #StopPutinNow #PutinsWarCriâ€¦,2022-06-23 09:30:36+00:00
29,billybirdau,@smudge_green It was #Putin who caused this....if he hadn't invaded #Ukraine this definitely wouldn't have happened....,2022-06-23 09:30:21+00:00
30,gplaucio,RT @ActionTime: #RussianLosses Are HUGE: #Russian momentum in #Ukraine Could SLOW as #Russia Exhausts Resources #StopPutinNow #PutinsWarCriâ€¦,2022-06-23 09:29:57+00:00
31,Ewe_Paz_HeT,"Criminals are always cynical, mocking, smiling and satisfied with their misdeeds. The day they hang on a rope, their pride disappears. Just before, during and after. Definitively. The rope is ready and even adapted to the size of a dwarf.
#Ukraine #UkraineWar #Putin",2022-06-23 09:29:22+00:00
32,RamitPMasti,Gas prices sting US workers who depend on their cars (from @AP) #Gasprices #Russia #Ukraine #Putin #inflation  https://t.co/uzwZqJx2C1,2022-06-23 09:27:16+00:00
33,AarnaPrakash,"Ukraine's president said today there is no shortage of words that Russia did the same on February 24 as the Nazis did on June 22

Read more: https://t.co/qN1gaAMQW3

#Russia #Putin #Zelenskyy #Ukraine #RussiaUkraineWar https://t.co/7xOcDXXNid",2022-06-23 09:26:46+00:00
34,Antin1710,"@Microsoft: #Russian #Cyber #Spying Targets 42 #Ukraine Allies    
#AtrocitiesOfKremlin #War #Russia #Kremlin #Putin #closethesky   
https://t.co/fMqB3FANsB",2022-06-23 09:25:47+00:00
35,10WallStreet,RT @10WallStreet: Its Obvious #Zelenskyy is Blowing Smoke Up Asses  at #NATO. Time To Consider What #Putin Win Means in #Ukraine. Partitionâ€¦,2022-06-23 09:23:14+00:00
36,Antin1710,"@Microsoft: #Russian #Cyber #Spying Targets 42 #Ukraine Allies    
#AtrocitiesOfKremlin #War #Russia #Kremlin #Putin #closethesky    
https://t.co/fMqB3FANsB",2022-06-23 09:22:12+00:00
37,KIAAcademYsir,"ğŸ’¡DAY-117 ... Stop WAR  &amp;  Make PEACE ..ğŸ•Šï¸

#UkraineRussiaWar #NATO #Ukraine #RussianUkrainianWar #RussiaUkraine   #WARINUKRAINE #putin #Zelenskyy #UkraineUnderAttack #mariupol #Russia #India #Ukraine #Bucha #BuchaMasacre #BuchaGenocide #indianstudentsinukraine https://t.co/Olh0NwkgSM",2022-06-23 09:19:50+00:00
38,RamitPMasti,The AP Interview: Estonian PM says don't play down Russia (from @AP) #Ukraine #Russia #Estonia #EU #Putin  https://t.co/Iu0l2gsoZj,2022-06-23 09:18:52+00:00
39,NewsPerpetual,"PPN World News - 21 June 2022 â€¢ Afghanistan earthquake â€¢ Miami plane crash â€¢ Russia vs Lithuania
https://t.co/u3aEUSWbW2
#Kaliningrad #Russia #Lithuania #Afghanistan #Uvalde #Erdogan #Ukraine #Putin #WarInUkraine #Zelenskyy #Lebanon #RedAir #PlaneCrash #aviation #UvaldeCoverUp",2022-06-23 09:17:55+00:00
40,AaUkraine,"#LiveTracking

Over #Russia

#Russia Air Force Ilyushin Il-62MK flying into #Moscow

#Russian Special Flight Squadron
- Tupolev Tu-214
- Dassault Falcon 7X
- Ilyushin Il-96-300PU used to transport #Putin / #Medvedev now off radar

#Ukraine #UkraineRussiaWar #NATO #AirForce #OSINT https://t.co/ZieBbVIrmR",2022-06-23 09:13:50+00:00
41,rgnaptr,"RT @HerryNapit: Dictator Putinâ€™s Afghanistan: The Russian army seems trapped in Ukraine, sacrificing minoritiesğŸ‘

Read the thread,ğŸ‘‡Hey worlâ€¦",2022-06-23 09:12:56+00:00
42,Kiaak80,"RT @HerryNapit: Russia's Black Sea blockade halts grain exports from Ukraine.

Lithuania Blockades Kaliningrad.

What's next, #PutinğŸ·?

Anyâ€¦",2022-06-23 09:12:17+00:00
43,JerryStreitz,"RT @WarAgainstPutin: Russian orcs dismantled and stole the biggest solar power station in #Ukraine, Tokmak Solar Energy. This is what Russiâ€¦",2022-06-23 09:00:38+00:00
44,indian_ukraine,"RT @KIAAcademYsir: ğŸ’¡DAY-116 ... Stop WAR  &amp;  Make PEACE ..ğŸ•Šï¸

#UkraineRussiaWar #NATO #Ukraine #RussianUkrainianWar #RussiaUkraine   #WARINâ€¦",2022-06-23 09:00:32+00:00
45,surser4855,"RT @SharleenLittle4: Putin deliberately provokes hunger in the world!
Moscow, by blocking Ukrainian ports, is striving for global destabiliâ€¦",2022-06-23 08:59:24+00:00
46,GainMoneyFaster,"RT @GainMoneyFaster: SMART PASSIVE INCOME
Secret tip for money lovers

https://t.co/CLU7gXSmt1

#passive #income #money  #internet #euro #dâ€¦",2022-06-23 08:59:24+00:00
47,PamelaWarnstadt,"RT @PamelaWarnstadt: SMART PASSIVE EARNINGS

https://t.co/Kuctf3zAir

#passive #income #money #earn #internet #euro #dollar #stock #exchangâ€¦",2022-06-23 08:58:49+00:00
48,GlobalObserve10,"2ï¸âƒ£ #Putin May #Win in #Ukraine, But the Real War Is Just Starting, Bloomberg, 19 June 2022",2022-06-23 08:56:37+00:00
49,jd_19573011,RT @kiraincongress: We need to make sure that we just take #russian money from all over the world where we can find it and send it to #Ukraâ€¦,2022-06-23 08:55:49+00:00
50,tameryazar,"In the darkness of war they are also there...
-
A #Ukrainian service member with a dog observes in the industrial area of the city of #Sievierodonetsk, as #Russia's attack on #Ukraine continues. #Kyiv #Russia #Moscow #Zelensky #Putin @peta @MercyForAnimals https://t.co/X9MMAM5mpM",2022-06-23 08:53:04+00:00
51,KIAAcademYsir,"ğŸ’¡DAY-116 ... Stop WAR  &amp;  Make PEACE ..ğŸ•Šï¸

#UkraineRussiaWar #NATO #Ukraine #RussianUkrainianWar #RussiaUkraine   #WARINUKRAINE #putin #Zelenskyy #UkraineUnderAttack #mariupol #Russia #India #Ukraine #Bucha #BuchaMasacre #BuchaGenocide #indianstudentsinukraine https://t.co/vHQrngIdXk",2022-06-23 08:52:37+00:00
52,onesimohere,"Of course, we should not expect justice or compassion from #Putin ""Aiden Aslin: #Ukraine Briton told execution will go ahead @BBCNews - https://t.co/8cPR5IH94j",2022-06-23 08:52:33+00:00
53,tameryazar,"Local residents wait to receive humanitarian aid in front of a residential building that was damaged during the Russian attack, in #Borodyanka, #Kyiv region, #Ukraine ! #Russia #Moscow #Zelensky #Putin https://t.co/X8OU9olxUz",2022-06-23 08:50:37+00:00
54,caliophe20,"RT @anews: Parents in #Mariupol, #Ukraine are struggling to find the words to explain to their children why Ukraine is being attacked. 

#câ€¦",2022-06-23 08:50:23+00:00
55,TonyKen69354734,"To every fool that thinks our Political Class suddenly reacted to #Putin's ""unprecedented aggression"", think again.

Adam #Schiff justified impeachment because #Trump was an obstacle to our proxy war w/ #Russia. The ""bad phone call"" served as a cover.

#Ukraine #Russians #war https://t.co/VHqBN8JC8g",2022-06-23 08:48:39+00:00
56,TheAccountantUK,RT @UxbEconomist07: Quick reminder of US #Inflation path approaching #Ukraine War. Some r asking why Joe #Biden is a able to blame #Putin &amp;â€¦,2022-06-23 08:44:35+00:00
57,Lx121,"@b_chshevik @EyyRadioFree @gobloid3 3 things: 1.on the same index RUSSIA IS WORSE. 2. #ukraine is improving, LONGTERM trend. 3. in #PUTIN's #russia such #independent #international #ngo organisations &amp; #reporting ARE NOT ALLOWED TO EXIST. #especially during the #UkraineWar :P",2022-06-23 08:42:05+00:00
58,INSTINC26289171,"RT @HerryNapit: Dictator Putinâ€™s Afghanistan: The Russian army seems trapped in Ukraine, sacrificing minoritiesğŸ‘

Read the thread,ğŸ‘‡Hey worlâ€¦",2022-06-23 08:40:00+00:00
59,RiteBoss,"RT @HerryNapit: Dictator Putinâ€™s Afghanistan: The Russian army seems trapped in Ukraine, sacrificing minoritiesğŸ‘

Read the thread,ğŸ‘‡Hey worlâ€¦",2022-06-23 08:39:59+00:00
60,valik_lok79,"RT @SharleenLittle4: Putin deliberately provokes hunger in the world!
Moscow, by blocking Ukrainian ports, is striving for global destabiliâ€¦",2022-06-23 08:39:58+00:00
61,SmartB0ss,"RT @HerryNapit: Dictator Putinâ€™s Afghanistan: The Russian army seems trapped in Ukraine, sacrificing minoritiesğŸ‘

Read the thread,ğŸ‘‡Hey worlâ€¦",2022-06-23 08:39:54+00:00
62,CLEANBOSS2,"RT @HerryNapit: Dictator Putinâ€™s Afghanistan: The Russian army seems trapped in Ukraine, sacrificing minoritiesğŸ‘

Read the thread,ğŸ‘‡Hey worlâ€¦",2022-06-23 08:39:49+00:00
63,AshRite2,"RT @HerryNapit: Dictator Putinâ€™s Afghanistan: The Russian army seems trapped in Ukraine, sacrificing minoritiesğŸ‘

Read the thread,ğŸ‘‡Hey worlâ€¦",2022-06-23 08:39:42+00:00
64,INSTINC26289171,RT @HerryNapit: Mariupol: Russia could use the mobile crematorium in its war against Ukraine to hide the actual number of victims.ğŸ˜± #Russiaâ€¦,2022-06-23 08:39:32+00:00
65,PhilipCMead,"RT @PhilipCMead: #Putinâ€™s #Ukraine invasion is the worldâ€™s first full-scale cyberwar
https://t.co/r2z0fUy4h0
The war shows how #Russia's miâ€¦",2022-06-23 08:39:12+00:00
66,RiteBoss,RT @HerryNapit: Mariupol: Russia could use the mobile crematorium in its war against Ukraine to hide the actual number of victims.ğŸ˜± #Russiaâ€¦,2022-06-23 08:37:43+00:00
67,SmartB0ss,RT @HerryNapit: Mariupol: Russia could use the mobile crematorium in its war against Ukraine to hide the actual number of victims.ğŸ˜± #Russiaâ€¦,2022-06-23 08:37:38+00:00
68,CLEANBOSS2,RT @HerryNapit: Mariupol: Russia could use the mobile crematorium in its war against Ukraine to hide the actual number of victims.ğŸ˜± #Russiaâ€¦,2022-06-23 08:37:34+00:00
69,AshRite2,RT @HerryNapit: Mariupol: Russia could use the mobile crematorium in its war against Ukraine to hide the actual number of victims.ğŸ˜± #Russiaâ€¦,2022-06-23 08:37:29+00:00
70,ls_luiss,RT @kiraincongress: We need to make sure that we just take #russian money from all over the world where we can find it and send it to #Ukraâ€¦,2022-06-23 08:31:45+00:00
71,CLJ40,"RT @WarAgainstPutin: Russian orcs dismantled and stole the biggest solar power station in #Ukraine, Tokmak Solar Energy. This is what Russiâ€¦",2022-06-23 08:31:11+00:00
72,ProfessorP5,"However, if #Putin's #War in #Ukraine isn't enough to unite #Romania and #Moldova, how can I expect it to unify the #West.

#MaiReferendum https://t.co/J68LBiWNRv",2022-06-23 08:28:15+00:00
73,Lx121,"@b_chshevik @EyyRadioFree @gobloid3 #bullshit, #putin INVADED #ukraine to ""restore"" it to the ""greater russian empire"". putin has now SAID SO, #himself. did you miss his ""peter the great"" #crap? your ""peace"" is the same #APPEASEMENT hilter got out of czechoslovakia in 1938. the only ""peace"" putin wants is VICTORY.",2022-06-23 08:27:05+00:00
74,KimmoSasi,"When #EU gives candidate status to #Ukraine, the Council could state that also Russia is wellcome to EU when she fullfils the criteria. If #Putin wants to be Peter the Great he should westernize Russia: democracy, human rights, functionin market economy without corruption, peace.",2022-06-23 08:26:31+00:00
75,LatrBerserkr,"RT @nexta_tv: Aleksey Zhuravlyov is a member of State Duma and leader of the right-wing extremist party ""Rodina"" which openly supports Vladâ€¦",2022-06-23 08:26:27+00:00
76,leifdahlberg,RT @kiraincongress: We need to make sure that we just take #russian money from all over the world where we can find it and send it to #Ukraâ€¦,2022-06-23 08:24:30+00:00
77,spicciar,"Paralysis in Moscow.
Why #Putin persists with his established strategy, accepting a test of endurance | #Ukraine https://t.co/nToQq4Jtku",2022-06-23 08:23:36+00:00
78,humanwords_,RT @23idiocracy: Warmongers argue we must protect Ukraine because itâ€™s a â€œdemocracyâ€ https://t.co/UjM7BmDhhO #Putin #Russia #Ukraine @Tulsiâ€¦,2022-06-23 08:21:51+00:00
79,dtalavera2121,RT @kiraincongress: We need to make sure that we just take #russian money from all over the world where we can find it and send it to #Ukraâ€¦,2022-06-23 08:20:54+00:00
80,Lovepetdog,RT @kiraincongress: We need to make sure that we just take #russian money from all over the world where we can find it and send it to #Ukraâ€¦,2022-06-23 08:20:06+00:00
81,e_winzar,"RT @Eire353: SO MUCH IN COMMON, GET OVER YOURSELVES AND END THE WAR!
#Putin #Zelensky 
Will the war with #Russia rein in #Ukraineâ€™s 
#oligaâ€¦",2022-06-23 08:19:50+00:00
82,instantPopMusic,"RT @nexta_tv: Aleksey Zhuravlyov is a member of State Duma and leader of the right-wing extremist party ""Rodina"" which openly supports Vladâ€¦",2022-06-23 08:18:40+00:00
83,LynnBee93668857,RT @kiraincongress: We need to make sure that we just take #russian money from all over the world where we can find it and send it to #Ukraâ€¦,2022-06-23 08:17:34+00:00
84,MohammadiRashid,RT @kiraincongress: We need to make sure that we just take #russian money from all over the world where we can find it and send it to #Ukraâ€¦,2022-06-23 08:17:30+00:00
85,SeanFionn,"RT @ignis_fatum: ğŸ›‘ğŸ›‘ğŸ›‘Reports of explosions in Mykolayiv and Kherson 
#Ukraine #russia #putin",2022-06-23 08:17:25+00:00
86,SeanFionn,"RT @ignis_fatum: ğŸš¨ğŸš¨ğŸš¨#BREAKING 
Air raid alert sirens in most of the regions of #Ukraine 
Everyone thereâ€™s being asked to take cover and staâ€¦",2022-06-23 08:17:24+00:00
87,GarethPike4,RT @kiraincongress: We need to make sure that we just take #russian money from all over the world where we can find it and send it to #Ukraâ€¦,2022-06-23 08:17:14+00:00
88,ignis_fatum,"ğŸ›‘ğŸ›‘ğŸ›‘Reports of explosions in Mykolayiv and Kherson 
#Ukraine #russia #putin",2022-06-23 08:17:04+00:00
89,kiraincongress,"We need to make sure that we just take #russian money from all over the world where we can find it and send it to #Ukraine, to make #putin pay for his actions.

https://t.co/3MDOMnKrFj
@tvn24",2022-06-23 08:15:00+00:00
90,PamelaWarnstadt,"SMART PASSIVE EARNINGS

https://t.co/Kuctf3zAir

#passive #income #money #earn #internet #euro #dollar #stock #exchange #currency #stockbroker #market #bitcoin #btc #distribution #usa #germany #london #pm #man #woman #putin #europe #russia #china #president #moscow  #ukraine #hot https://t.co/DGxPXcqkl8",2022-06-23 08:15:00+00:00
91,LinguaMaxillam,"And it continues.... Putin's double agents, Merkel, Shroeder and Scholz and VonDerLYING still blocking assistance, aid and support to those being MURDERED daily in #UKRAINE  #GERMANNAZIS live on and work side by side with #PUTIN! https://t.co/ea8YLEZyCV",2022-06-23 08:14:20+00:00
92,aftermath_user,"Would incorporating individual territories mean giving up the idea of taking control of the rest of the country?

Check it out: https://t.co/mdtmGwqhSf

#Donbass #Pushilin #Putin #Russia #Ukraine #Warinukraine #separatism #zelenski https://t.co/Ec3Cm4VU6g",2022-06-23 08:08:29+00:00
93,jonic1986,"RT @officejjsmart: Things are getting tight. Losing #Lugansk (#Luhansk), #Ukraine would represent the completion of one of #Putinâ€™s  ğŸ‡·ğŸ‡º oriâ€¦",2022-06-23 08:02:09+00:00
94,fitz52006,RT @UxbEconomist07: Quick reminder of US #Inflation path approaching #Ukraine War. Some r asking why Joe #Biden is a able to blame #Putin &amp;â€¦,2022-06-23 08:00:32+00:00
95,GainMoneyFaster,"SMART PASSIVE EARNINGS

https://t.co/CLU7gXSmt1

#passive #income #money #earn #internet #euro #dollar #stock #exchange #currency #stockbroker #market #bitcoin #btc #distribution #usa #germany #london #pm #man #woman #putin #europe #russia #china #president #moscow  #ukraine #hot https://t.co/Z9nF46tLCy",2022-06-23 08:00:01+00:00
96,LibyanAnon,"Starve for democracy! Do it for the #ghostofkyiv! The #Ukraine is the only democracy in #Russia!
#Putin bad, #Zelensky good! https://t.co/Snip24gyWm",2022-06-23 07:57:24+00:00
97,gmirela67,"RT @nexta_tv: Aleksey Zhuravlyov is a member of State Duma and leader of the right-wing extremist party ""Rodina"" which openly supports Vladâ€¦",2022-06-23 07:56:46+00:00
98,augustoalberto1,"RT @nexta_tv: Aleksey Zhuravlyov is a member of State Duma and leader of the right-wing extremist party ""Rodina"" which openly supports Vladâ€¦",2022-06-23 07:54:56+00:00
99,bloomsbury1918,"Cancer, covid, toothache, time travel, famine, inequality, infrastructure, social security, Inflation, recession, purchasing power, taxes #Ukraine cereals! â€” solve all your problems! Sponsored by  US, Canada, UK, EU govt's privilege bubble.

#Russia #Putin",2022-06-23 07:53:02+00:00
100,paulknott11,"@nexta_tv I was recently in a region of the world where millions of people are struggling to find food due to #Putin's forced famine. That his cronies like Simonyan find this funny tells you everything you need to know about the utter sickness of #Russia today.
#Food #FoodCrisis #Ukraine",2022-06-23 07:51:51+00:00
101,HOPE4THE_FUTURE,RT @periclesukraine: #Ukraine  Chinese President #XiJinping has reaffirmed his countryâ€™s support for #Moscow on issues of sovereignty and sâ€¦,2022-06-23 07:50:51+00:00
102,SonofMa02951466,"#china supports #putin 
#putin invaded #Ukraine 
#boycottchina #BoycottRussia 
Do it now.  Thank me later.",2022-06-23 07:50:24+00:00
103,Unlearning1,KIM GOGUEN: URGENT UPDATES &amp; Q&amp;A w/ ICE MAN / REVEAL REPORT ğŸ‘‡ https://t.co/xGpxbpfhOd #inflation #putin #ukraine #multiverse #geonews #worldnews #kimgoguen #iceman #revealreport #GeoNews,2022-06-23 07:50:12+00:00
104,SweWScommittee,"Put occupiers and their supporters in front of the @IntlCrimCourt.
@Ayelet__Shaked
#Ukraine #Putin
#WesternSahara #Trump
#Palestine 
https://t.co/ZFHDwJnuVf",2022-06-23 07:48:52+00:00
105,HerryNapit,"RT @HerryNapit: Dictator Putinâ€™s Afghanistan: The Russian army seems trapped in Ukraine, sacrificing minoritiesğŸ‘

Read the thread,ğŸ‘‡Hey worlâ€¦",2022-06-23 07:48:12+00:00
106,HerryNapit,RT @HerryNapit: Mariupol: Russia could use the mobile crematorium in its war against Ukraine to hide the actual number of victims.ğŸ˜± #Russiaâ€¦,2022-06-23 07:47:13+00:00
107,Unlearning1,"Kimdate: (Note pad To The Ready) Avoiding Inflation, Kim Losing A Title &amp; Putin's Speech Plus Much More Name Drops ğŸ‘‡ https://t.co/aaeV96mjpL #inflation #putin #ukraine #multiverse #geonews #worldnews",2022-06-23 07:45:32+00:00
108,ProfessorP5,"For #Putin, from its earliest onset, his war in #Ukraine has been as much about his own power &amp; historical status, as about expanding #Russia's sphere of influence [back] over strategic coastal waters: from the Sea of Azov, to the Black and Baltic Seas, and even into the Arctic. https://t.co/3IZxYCo2Tp https://t.co/q6KqkmF1LJ",2022-06-23 07:44:55+00:00
109,sasan99gh43,"RT @HerryNapit: Russia - Ukraine war: Phone calls intercepted by Ukrainian intel &gt;&gt;&gt;&gt;&gt; Russian soldiers eat dogs, and come back home in cloâ€¦",2022-06-23 07:44:30+00:00
110,TLlanelli,"@NATO @POTUS deliver more planes an weapons that #Ukraine asked for and surround Kalingrad with more planes and weapons, ready to defend Luthiania and defeat #Putin 

NATO 32 countries 1.1Billion v Putin 140million people

NATO military huge compared to Russia https://t.co/0uAFgaGNf4 https://t.co/oxWoFlVAPV",2022-06-23 07:42:20+00:00
111,Randypeacock18,"Putin reportedly slapped one of his personal aides after he overheard them saying that Borris Johnson had a real 
Russian name . Putin went into a fit of   rage and slapped the man multiple times. #Ukraine  #putin #UkraineUnderAttaÑk  #borris #Conservatives https://t.co/xo45O0iToa",2022-06-23 07:41:03+00:00
112,SaveMyanmarPeo2,"RT @HerryNapit: #Russia's invasion of #Ukraine worsens crises in Afghanistan, Lebanon, Myanmar, Palestine, Syria, Yemen, Tigray, Africa.â€¦",2022-06-23 07:39:48+00:00
113,jimmy_jarkarta,RT @raging545: IMAGE from Moscow outside the US Enbassy of Russia changing the name of the street in front the Enbassy to â€œDonetsk Peopleâ€™sâ€¦,2022-06-23 07:37:12+00:00
114,wroldnews369,"#Russia #Ukraine #Putin #Biden
America is a nation that can be defined in a single word: must be watch is video
https://t.co/LxyUSIUqV9",2022-06-23 07:34:27+00:00
115,bloomsbury1918,"I love the part where Joe Messiah Biden is going to help reduce the cost of food - it's confusing the cost of gas - with tons of grain of #Ukraine I don't understand how Ukrainian cerals will reduce supply chain pressure from other sectors BUT â€”The economist is #Putin

#Russia",2022-06-23 07:32:05+00:00
116,dwntwnT,RT @ActionTime: #RussianLosses Are HUGE: #Russian momentum in #Ukraine Could SLOW as #Russia Exhausts Resources #StopPutinNow #PutinsWarCriâ€¦,2022-06-23 07:29:02+00:00
117,ButchBaydala,"â¬†ï¸â¬†ï¸â¬†ï¸â¬†ï¸â¬†ï¸ğŸ‘ï¸ğŸ‘ï¸â¬†ï¸â¬†ï¸â¬†ï¸â¬†ï¸â¬†ï¸

This is Day 120 of the #Russian  intervention â¡ï¸ #Ukraine 
Thursday June 23, 2022. ğŸ“º ğŸ‘€

#Live Russian TV #Moscow

ğŸ‡ºğŸ‡¦ğŸ‡ºğŸ‡¦ #UkraineRussianWar ğŸ‡·ğŸ‡ºğŸ‡·ğŸ‡º
#Russia  #Putin ğŸ‘¨â€ğŸ‘©â€ğŸ‘¦â€ğŸ‘¦ ğŸ§

ğŸµ",2022-06-23 07:28:57+00:00
118,anyfinn,Zelensky's Ukraine is real. Putin's doesn't exist. #UkraineRussiaWar  #ukraine #PutinWarCrimes #PutinsWar #solidarityWithUkraine  #warcrimes #putin #StopTheWar #PeaceInUkraine #VolodymyrZelensky #Zelensky #anguish https://t.co/griPBqegbR,2022-06-23 07:28:20+00:00
119,Wennderwendsof1,"RT @bjcaffe: Found the real reason #Putin started the war in #Ukraine.

UNESCO is making Borsch an Official Ukrainian food. #Putin wants itâ€¦",2022-06-23 07:28:03+00:00
120,bloomsbury1918,"""Joe Biden and Volodymyr Zelensky won't say it, and Vladimir #Putin can't. But #Ukraine is winning the war"" â€” Awww that's... wait..where? ğŸ˜‚ğŸªğŸ¶ğŸ¤¡

#Russia https://t.co/0eZN0oYMRx",2022-06-23 07:25:46+00:00
121,200127namjoon,"RT @nexta_tv: Aleksey Zhuravlyov is a member of State Duma and leader of the right-wing extremist party ""Rodina"" which openly supports Vladâ€¦",2022-06-23 07:25:26+00:00
122,christin_stile,"RT @WarAgainstPutin: Russian orcs dismantled and stole the biggest solar power station in #Ukraine, Tokmak Solar Energy. This is what Russiâ€¦",2022-06-23 07:24:18+00:00
123,BarereG,"RT @WarAgainstPutin: Russian orcs dismantled and stole the biggest solar power station in #Ukraine, Tokmak Solar Energy. This is what Russiâ€¦",2022-06-23 07:23:33+00:00
124,qingfen13333762,"#Russian President Vladimir #Putin gets down on one knee when laying flowers at the Tomb of the Unknown Soldier in #Moscow on Wednesday, the Day of Memory and Sorrow and the 81st anniversary of #Nazi invasion of the Soviet Union.
#UkraineRussiaWar #Ukraine https://t.co/wUBNGlVVfc",2022-06-23 07:22:58+00:00
125,VoteBlueUSA2022,RT @periclesukraine: #Ukraine  Chinese President #XiJinping has reaffirmed his countryâ€™s support for #Moscow on issues of sovereignty and sâ€¦,2022-06-23 07:22:25+00:00
126,bator2013,@Telegraph Drop your weapons and there will be no need of destruction. ğŸ¤· #tothelastukrainian #Zelenskyy_War_Criminal #Zelensky #Ukraine #Putin #Russia #Biden #NATO #Donbass,2022-06-23 07:20:49+00:00
127,Daily_Express,"Zelensky's heroes shoot down 2 missiles in huge region - blow to Putin's 'insidious' plot #Zelensky #Putin #Ukraine 
https://t.co/BUCOZYsa9p",2022-06-23 07:18:03+00:00
128,nikolajew_dr,"RT @nexta_tv: Aleksey Zhuravlyov is a member of State Duma and leader of the right-wing extremist party ""Rodina"" which openly supports Vladâ€¦",2022-06-23 07:16:51+00:00
129,go21stcentury,"The #Russian LOSSES (i.e. life, material, fiscal, etc..)  vs. territorial GAINS made in #Ukraine since 24 February has come as incomprehensible liability that will outlast #Putin 's time in earth. https://t.co/R9rBq76fen",2022-06-23 07:14:40+00:00
130,23idiocracy,"Ukraine Debate Not Allowed On American TV https://t.co/wtFGxgHyTr 
https://t.co/58K080zuSB
#OnTheRoadToGuillotineland #poetry #JohnHulse 
#TheJimmyDoreShow @jimmy_dore
#KatrinavandenHeuvel #TheNation #Russia #Ukraine #Putin #Peace @jacksonhinklle @kurtmetzger",2022-06-23 07:10:15+00:00
131,SelfishWizard,"@KatrinaNation @LievenAnatol @thenation @robertwrighter @bloggingheads @NonzeroNews This ignores the fact that #Putin has absolutely nothing to gain from #Ukraine peace talks, does not want peace and has given no indication of any desire for peace talks. There's nothing #Ukraine could offer that Putin wants, since it has no ability to remove #Russian #sanctions",2022-06-23 07:06:50+00:00
132,LuytiBabs,"RT @WarAgainstPutin: Russian orcs dismantled and stole the biggest solar power station in #Ukraine, Tokmak Solar Energy. This is what Russiâ€¦",2022-06-23 07:06:34+00:00
133,HerryNapit,"Dictator Putinâ€™s Afghanistan: The Russian army seems trapped in Ukraine, sacrificing minoritiesğŸ‘

Read the thread,ğŸ‘‡Hey world, Susi Air Tokyo Dome Doggy Jam 3 She's a 10 Cak Imin Puan Prestasi Ganjar Muhammad Mahasewa Paris SBMPTN #PutinğŸ’€â˜ ï¸ #Russia #Ukraine https://t.co/PSANUgfuRj",2022-06-23 07:04:37+00:00
134,ButchBaydala,"â¬†ï¸â¬†ï¸â¬†ï¸â¬†ï¸â¬†ï¸ğŸ‘ï¸ğŸ‘ï¸â¬†ï¸â¬†ï¸â¬†ï¸â¬†ï¸â¬†ï¸

This is Day 120 of the #Russian  intervention â¡ï¸ #Ukraine 
Thursday June 23, 2022. ğŸ“º ğŸ‘€

#Live Russian TV #Moscow

ğŸ‡ºğŸ‡¦ğŸ‡ºğŸ‡¦ #UkraineRussianWar ğŸ‡·ğŸ‡ºğŸ‡·ğŸ‡º
#Russia  #Putin ğŸ‘¨â€ğŸ‘©â€ğŸ‘¦â€ğŸ‘¦ ğŸ§

ğŸµ",2022-06-23 07:00:05+00:00
135,bardovici,"RT @WarAgainstPutin: Russian orcs dismantled and stole the biggest solar power station in #Ukraine, Tokmak Solar Energy. This is what Russiâ€¦",2022-06-23 06:58:01+00:00
136,PaoloBersani,"@vrsoloviev 32.000 russians dead in #Ğ£ĞºÑ€Ğ°Ğ¸Ğ½Ğ°, only for the corrupt cancer sick boss #Putin. Day by day more Russian soldiers rebel against the orders of the generals. Putin's corrupt regime is definitely about to collapse and People of #Russia will be finally free. #Ukraine https://t.co/Fk0srZrFmN",2022-06-23 06:56:39+00:00
137,PaoloBersani,"@rusembitaly @russiaun 32.000 russians dead in #Ğ£ĞºÑ€Ğ°Ğ¸Ğ½Ğ°, only for the corrupt and raper #Putin. Day by day more Russian soldiers rebel against the orders of the generals. Putin's corrupt regime is definitely about to collapse and People of #Russia will be finally free. #Ukraine https://t.co/h9tDjipUW3",2022-06-23 06:56:15+00:00
138,PaoloBersani,"@russiatodaynews 32.000 russians dead in #Ğ£ĞºÑ€Ğ°Ğ¸Ğ½Ğ°, only for the corrupt cancer sick boss #Putin. Day by day more Russian soldiers rebel against the orders of the generals. Putin's corrupt regime is definitely about to collapse and People of #Russia will be finally free. #Ukraine https://t.co/IeprMu7nRq",2022-06-23 06:55:25+00:00
139,PaoloBersani,"@moscowtimes 32.000 russians dead in #Ğ£ĞºÑ€Ğ°Ğ¸Ğ½Ğ°, only for the corrupt cancer sick boss #Putin. Day by day more Russian soldiers rebel against the orders of the generals. Putin's corrupt regime is definitely about to collapse and People of #Russia will be finally free. #Ukraine https://t.co/Omq28SyvXS",2022-06-23 06:55:00+00:00
140,PaoloBersani,"@sputnikint
 32.000 russians dead in #Ğ£ĞºÑ€Ğ°Ğ¸Ğ½Ğ°, only for the corrupt cancer sick boss #Putin. Day by day more Russian soldiers rebel against the orders of the generals. Putin's corrupt regime is definitely about to collapse and People of #Russia will be finally free. #Ukraine https://t.co/8p2iryOhhg",2022-06-23 06:54:36+00:00
141,matej_zeko,RT @raging545: VIDEO of Ukrainian partisans destroying Russian military vehicles supposedly in the Russian occupied South of Ukraine.  #Ukrâ€¦,2022-06-23 06:48:46+00:00
142,alonsomadridOK,RT @WarAgainstPutin: Evil #Russia keeps destroying civilian infrastructure of #Ukraine. #Putin is new #Hitler. #ArmUkraineNow https://t.co/â€¦,2022-06-23 06:45:58+00:00
143,Tlou2200,RT @IahRataza: The World needs #love  https://t.co/JCFpVIzYhr  #hiphop #comiccon #dccomics #rap #marvel #wd3 #monkeypox  #NBA #buffaloshoooâ€¦,2022-06-23 06:45:23+00:00
144,Tlou2200,RT @IahRataza: The World needs #love  https://t.co/JCFpVIzYhr  #hiphop #comiccon #dccomics #rap #marvel #wd3 #monkeypox #NBA #indianajonesâ€¦,2022-06-23 06:45:18+00:00
145,Tlou2200,RT @IahRataza: The World needs #love  https://t.co/JCFpVIzYhr  #hiphop #comiccon #dccomics #rap #marvel #wd3 #monkeypox #NBA #playlists #Buâ€¦,2022-06-23 06:45:11+00:00
146,RetweetDc,RT @IahRataza: The World needs #love  https://t.co/JCFpVIzYhr  #hiphop #comiccon #dccomics #rap #marvel #wd3 #Midterms2022  #NBA #playlistsâ€¦,2022-06-23 06:44:48+00:00
147,RetweetDc,RT @IahRataza: The World needs #love  https://t.co/JCFpVIzYhr  #hiphop #comiccon #dccomics #rap #marvel #wd3 #monkeypox #NBA #playlists #neâ€¦,2022-06-23 06:44:48+00:00
148,NEWSONE14898745,No differences than the #British and the #EU funding Ukraine  #China secretly 'funding #Putin in #Ukraine to 'fight Europeans' â€“ horror warning to world the British and EU should have kept out of the war with the Russians https://t.co/FIyI37IzsR,2022-06-23 06:44:27+00:00
149,Tlou2200,RT @IahRataza: The World needs #love  https://t.co/JCFpVIzYhr  #hiphop #comiccon #dccomics #rap #marvel #wd3 #monkeypox #NBA #playlists #neâ€¦,2022-06-23 06:44:18+00:00
150,worldnewsdotcom,"Battle for #Donbas twin cities reaches 'fearsome climax', says #Ukraine

#Russia  #Luhansk  #Putin  #Zelensky
https://t.co/0p3LWF4ini https://t.co/hOMBprGDGd",2022-06-23 06:44:12+00:00
151,Tlou2200,RT @IahRataza: The World needs #love  https://t.co/JCFpVIzYhr  #hiphop #comiccon #dccomics #rap #marvel #wd3 #Midterms2022  #NBA #playlistsâ€¦,2022-06-23 06:43:46+00:00
152,yocibou,"RT @ma000111: Thoes who wish ill on Russian hero @KremlinRussia_E  #Putin take it to grave  , this is the guy ,singing bird McCain who wasâ€¦",2022-06-23 06:31:12+00:00
153,Chrisentiae,"050 Anti-Putin war ePoster - June 2022.
...
Z is for Zombie.
#Ukraine #UkraineUnderAttaÑk #UkraineRussiaWar #StandWithUkraineï¸ #Russia #Putin #ArrestPutin #Holodomor #Moskva #AntiChrist #Zadira https://t.co/vbmw1GK9C1",2022-06-23 06:30:35+00:00
154,rogue_corq,"I'd drink too if I were ANY of #Putin's generals.

#Ukraine https://t.co/K7b50RzEjt",2022-06-23 06:28:28+00:00
155,UA_22_Ukraine,"RT @UA_22_Ukraine: ğŸ‡ºğŸ‡¦ Don't negotiate with Putin because he's a 'bandit', ex-oligarch Khodorkovsky warns Europe ğŸ‡ªğŸ‡º

#Putin #Putine #Ukraineâ€¦",2022-06-23 06:26:36+00:00
156,Awakeni06862158,"@KremlinRussia_E 
@KremlinRussia 
Long Live Russia ğŸ‡·ğŸ‡º 
Long Live Putin ğŸ™
The true son of the land (Russia) ğŸ’ª

#Putin #RussiaUkraineWar 
#UkraineWar #Ukraine #US
#Russia #Donbas  #China
#Azov #Blinken #EU  #UN
#UnitedStates #Trending
#Russia #Ukraine #NATO
#China #USA https://t.co/IpiZ8JIamC",2022-06-23 06:26:04+00:00
157,citidotio,"How Far Does #Putinâ€™s Imperial Dream Stretch? 

#UkraineRussiaWar #UkraineWar #Russia #Ukraine

https://t.co/DcqHGWVh4a",2022-06-23 06:23:30+00:00
158,BieVds,"RT @HerryNapit: China, India, EU (France, Germany, etc.) major buyers of Russian oil are fueling Putin's war on Ukraine, spike food and fueâ€¦",2022-06-23 06:23:03+00:00
159,PamelaWarnstadt,"SMART PASSIVE INCOME
Secret tip for money lovers

https://t.co/Kuctf3zAir

#passive #income #money  #internet #euro #dollar #stock #exchange #currency #market #bitcoin #btc  #usa #germany #london #pm #man #woman #putin #europe #russia #china #president #moscow  #ukraine #hot https://t.co/jZ0OOutP5E",2022-06-23 06:21:53+00:00
160,GainMoneyFaster,"SMART PASSIVE INCOME
Secret tip for money lovers

https://t.co/CLU7gXSmt1

#passive #income #money  #internet #euro #dollar #stock #exchange #currency #market #bitcoin #btc  #usa #germany #london #pm #man #woman #putin #europe #russia #china #president #moscow  #ukraine #hot https://t.co/i3xMbIAAug",2022-06-23 06:21:37+00:00
161,BieVds,"RT @HerryNapit: Putin's brutal war: Thousands of civilians have been killed, Ukrainian towns reduced to rubble, millions of Ukrainians haveâ€¦",2022-06-23 06:21:12+00:00
162,AbeW24679381,"RT @SilverDuke1984: Question EVERYTHING....!!!! 

#Putin #Ukraine https://t.co/lxYtTA3rE1",2022-06-23 06:20:33+00:00
163,RosieBrussel,"RT @ignis_fatum: ğŸš¨Air raid alert sirens in all the towns and cities of the Kyiv region
Everyone thereâ€™s being asked to take cover and stayâ€¦",2022-06-23 06:13:30+00:00
164,kjoin94,RT @im2damnsexc: It is scary to see that Putin is deliberately blocking the supply of grain to the world. 50% of the World Food Program falâ€¦,2022-06-23 06:11:27+00:00
165,_ahsanR,"RT @HerryNapit: Lysychansk. The father saw his son's body.

""Russian Peace"" congratulates on Father's DayğŸ’”

#Lysychansk #Ukraine #Ukraina #â€¦",2022-06-23 06:10:59+00:00
166,UA_22_Ukraine,"ğŸ‡·ğŸ‡º Putin: The mask is off. Europe ğŸ‡ªğŸ‡º is next

ğŸ‡ºğŸ‡¦ #Ukraine #UkraineWar 
#UkraineArmy #russia
#russian #Putin #Putine #PutinWarCriminal 
https://t.co/6q3Ql9v8Y8",2022-06-23 06:09:24+00:00
167,C18502024Costa,RT @im2damnsexc: It is scary to see that Putin is deliberately blocking the supply of grain to the world. 50% of the World Food Program falâ€¦,2022-06-23 06:08:53+00:00
168,educatorsmark15,RT @TheOliverStone: My thoughts on some potential #Neocon objectives. #Zelenskyy #Putin #Ukraine #Donbass #Russia #VictoriaNuland https://tâ€¦,2022-06-23 06:06:36+00:00
169,Mozzim24,RT @im2damnsexc: It is scary to see that Putin is deliberately blocking the supply of grain to the world. 50% of the World Food Program falâ€¦,2022-06-23 06:06:26+00:00
170,MarcelloRuta,"@greg_price11 #Biden who tries to sell #USA  war to #Putin as a way to support #Europe  is funnier than his farting performances in royal social contexts. EU is going to be devastated by this war, which #Ukraine is fighting on behalf of USA, and Biden knows that very well.",2022-06-23 06:04:13+00:00
171,SRezasade,"Suppose we throw Turkey out of NATO and take Sweden and Finland in. 

 #Nato #ukraine #russianinvasion #russianaggression #russia #putinswar #putin #warcrimes",2022-06-23 06:04:10+00:00
172,paradigma85,RT @im2damnsexc: It is scary to see that Putin is deliberately blocking the supply of grain to the world. 50% of the World Food Program falâ€¦,2022-06-23 06:03:41+00:00
173,RHarlique,RT @im2damnsexc: It is scary to see that Putin is deliberately blocking the supply of grain to the world. 50% of the World Food Program falâ€¦,2022-06-23 06:03:33+00:00
174,Noval524,"RT @SilverDuke1984: Question EVERYTHING....!!!! 

#Putin #Ukraine https://t.co/lxYtTA3rE1",2022-06-23 06:03:20+00:00
175,Sneaker888,"RT @ignis_fatum: ğŸš¨Air raid alert sirens in all the towns and cities of the Kyiv region
Everyone thereâ€™s being asked to take cover and stayâ€¦",2022-06-23 06:03:09+00:00
176,ignis_fatum,"ğŸš¨ğŸš¨ğŸš¨#BREAKING 
Air raid alert sirens in most of the regions of #Ukraine 
Everyone thereâ€™s being asked to take cover and stay sheltered till the all clear sounds
 #Russia #Putin",2022-06-23 06:02:46+00:00
177,VoskopoulosPhd,"More than 20 years ago
THE ECONOMIST
#Russia and the #USA Best of foes
#Biden #Putin #Ukraine #UkraineRussiaWar #ÎŸÏ…ÎºÏÎ±Î½Î¹Î± #ÎŸÏ…ÎºÏÎ±Î½Î¯Î± #NATO #UkraineWar #UkraineRussianWar #WarInUkraine #Î¡Ï‰ÏƒÎ¹Î± #Î¡Ï‰ÏƒÎ¯Î± #EuropeanUnion https://t.co/E063RD0XcT",2022-06-23 05:58:38+00:00
178,AsianaTimes,#Putin is back on the world stage with the #BRICS2022  Summit. This will be his first time attending a forum with the heads of major economies since launching an invasion of #Ukraine earlier this year. https://t.co/tLpwmLVtmj,2022-06-23 05:57:43+00:00
179,CrespiEnrico,Tony #Blair and Vladimir #Putin struck up an extraordinary bond in the early 2000s as #Russia engaged in a destructive military campaign in #Chechnya that was similar to its war on #Ukraine. https://t.co/syNxKJeatB,2022-06-23 05:57:27+00:00
180,kevin_cracknell,"RT @ignis_fatum: ğŸš¨Air raid alert sirens in all the towns and cities of the Chernihiv, Sumy, Poltava, Cherkasy, Kropyvnyts'kyi, Dnipro, Zapoâ€¦",2022-06-23 05:56:49+00:00
181,Kritist_80,"@Thunderclap @mfirebrand1 @gatewaypundit And what will be the next step #putin will take, if the world just hands over #ukraine. I think you should be worried about attacks on the USA (eventually) in stead of worrying about gas prices. Where I live, a gallon gasoline is $9.",2022-06-23 05:55:08+00:00
182,Chrisentiae,"049 Anti-Putin war ePoster - June 2022.
...
EVIL PUTIN
#Ukraine #UkraineUnderAttaÑk #UkraineRussiaWar #StandWithUkraineï¸ #Russia #Putin #ArrestPutin #Holodomor #Moskva #AntiChrist #Zadira https://t.co/CbGYKMu5ZW",2022-06-23 05:52:17+00:00
183,1002spvr,"Putinâ€™s Global Ratings Drop to 20-Year Low â€“ Pew

#Russia #Putin #Ukraine #UkraineRussiaWar https://t.co/6XLChOkw93",2022-06-23 05:49:59+00:00
184,Kritist_80,@Skeptisaurus1 @marlenesaltyC @JackPosobiec Yeah. #trump would probably give #ukraine to #putin. And any former Soviet state. And Europe. And Africa. And Asia. â€œMagaâ€. The world is laughing at Trump and also holding itâ€™s breath for the chance Trump becomes president again. Except Putin.,2022-06-23 05:44:48+00:00
185,ritujay,Evgeny Buzhinsky: Putin Ally Threatens UK Will 'Cease to Exist' if Lithuania Standoff Triggers Nuclear World War 3 https://t.co/ahQTyYdvAs #Putin #PutinWarCriminal #PutinWarCrimes #RussiaUkraineWar #UkraineRussiaWar #Lithuania #EvgenyBuzhinsky #Ukraine #NATO #Russia #nuclearwar,2022-06-23 05:42:04+00:00
186,commonstoic,"RT @ignis_fatum: ğŸš¨Air raid alert sirens in all the towns and cities of the Chernihiv, Sumy, Poltava, Cherkasy, Kropyvnyts'kyi, Dnipro, Zapoâ€¦",2022-06-23 05:41:47+00:00
187,ignis_fatum,"ğŸš¨Air raid alert sirens in all the towns and cities of the Chernihiv, Sumy, Poltava, Cherkasy, Kropyvnyts'kyi, Dnipro, Zaporizhya, Kharkivv regions
Everyone thereâ€™s being asked to take cover and stay sheltered till the all clear sounds 
#Ukraine #Russia #Putin",2022-06-23 05:41:23+00:00
188,joyfillednomads,RT @carolmswain: #Putin invaded #Ukraine thatâ€™s President Bidenâ€™s excuse for having wrecked the nationâ€™s economy and it standing in the worâ€¦,2022-06-23 05:40:47+00:00
189,johncla593,RT @carolmswain: #Putin invaded #Ukraine thatâ€™s President Bidenâ€™s excuse for having wrecked the nationâ€™s economy and it standing in the worâ€¦,2022-06-23 05:38:12+00:00
190,ignis_fatum,"ğŸš¨Air raid alert sirens in all the towns and cities of the Kyiv region
Everyone thereâ€™s being asked to take cover and stay sheltered till the all clear sounds 
#Ukraine #Russia #Putin",2022-06-23 05:35:18+00:00
191,Lapps100,"RT @ChrissieGrech: This is vital. Please don't delay sending proper help to #Ukraine, @POTUS, @OlafScholz, @EmmanuelMacron. If that mass muâ€¦",2022-06-23 05:28:44+00:00
192,jazzaoxon,"RT @ChrissieGrech: This is vital. Please don't delay sending proper help to #Ukraine, @POTUS, @OlafScholz, @EmmanuelMacron. If that mass muâ€¦",2022-06-23 05:26:42+00:00
193,CANEMNNJ,"RT @officejjsmart: Things are getting tight. Losing #Lugansk (#Luhansk), #Ukraine would represent the completion of one of #Putinâ€™s  ğŸ‡·ğŸ‡º oriâ€¦",2022-06-23 05:26:36+00:00
194,mhall55nine,"RT @HerryNapit: Ukraine war: Putin creates global food, fuel and financial crisis, push millions of people in Afghanistan, Lebanon, Myanmarâ€¦",2022-06-23 05:25:52+00:00
195,SanctionsAml,"Many claimed pre-#Ukraine #war that #sanctions had little material impact, as they often did not lead to ""regime change"". #Putin #Lavrov #Medvedev have all tried to downplay the financial impact of sanctions. Now the focus is on how effective the sanctions hit to #Russia will be. https://t.co/Hq12W2DHz7",2022-06-23 05:23:26+00:00
196,Jeremiah23044,RT @raging545: VIDEO of Ukrainian partisans destroying Russian military vehicles supposedly in the Russian occupied South of Ukraine.  #Ukrâ€¦,2022-06-23 05:20:41+00:00
197,AriAbdyli,"RT @WarAgainstPutin: Russian orcs dismantled and stole the biggest solar power station in #Ukraine, Tokmak Solar Energy. This is what Russiâ€¦",2022-06-23 05:18:07+00:00
198,Timothy75106034,"@nexta_tv Why do people keep saying the ""Donetsk Peoples Republic""?  That area is called #Ukraine!  Just because a bunch of #putin supporters keep repeating it thousands of times does not make it true.  It's the Donetsk region IN Ukraine.",2022-06-23 05:17:10+00:00
199,KarnaPetra,"RT @WarAgainstPutin: Russian orcs dismantled and stole the biggest solar power station in #Ukraine, Tokmak Solar Energy. This is what Russiâ€¦",2022-06-23 05:08:06+00:00
