Unnamed: 0,user,Tweet,Time
0,kiraincongress,"We need to make sure that we just take #russian money from all over the world where we can find it and send it to #Ukraine, to make #putin pay for his actions.

https://t.co/3MDOMnKrFj
@tvn24",2022-06-23 08:15:00+00:00
1,Judgenap,"Putin did NOT start the Ukraine War
Col Doug Macgregor 
#Putin #Ukraine #Biden
see full vid:
https://t.co/1ltmeM4FZk https://t.co/7NbcT50dpo",2022-06-21 19:42:58+00:00
2,kiraincongress,The #USA is ready to hand #Ukraine all the weapons it needs to succeed - @DeptofDefense. Looking forward to having the armaments in the capable hands of our armed forces and speeding up the victory over #putin! https://t.co/lsovrfwuk8,2022-06-14 06:15:00+00:00
3,WriterJackWhite,RT @kiraincongress: We need to make sure that we just take #russian money from all over the world where we can find it and send it to #Ukra‚Ä¶,2022-06-23 09:51:30+00:00
4,annie5133,RT @kiraincongress: We need to make sure that we just take #russian money from all over the world where we can find it and send it to #Ukra‚Ä¶,2022-06-23 09:43:47+00:00
5,AWhitta46916467,"RT @WarAgainstPutin: Russian orcs dismantled and stole the biggest solar power station in #Ukraine, Tokmak Solar Energy. This is what Russi‚Ä¶",2022-06-23 09:43:26+00:00
6,gplaucio,RT @WarAgainstPutin: Evil #Russia keeps destroying civilian infrastructure of #Ukraine. #Putin is new #Hitler. #ArmUkraineNow https://t.co/‚Ä¶,2022-06-23 09:43:17+00:00
7,gplaucio,RT @raging545: VIDEO of a Ukrainian soldier with a Stinger MANPADs shooting down a Russian Orlan-10 military drone in Eastern #Ukraine.   #‚Ä¶,2022-06-23 09:43:02+00:00
8,gplaucio,RT @Ewe_Paz_HeT: Russia will be as obliterated as it provokes. It must understand it now. Russia is nothing without West. As it was nothing‚Ä¶,2022-06-23 09:42:23+00:00
9,gplaucio,RT @raging545: IMAGE of Russian soldiers captured by Belarusian volunteers of the Ukraine Foreign Legion near Mykolaiv #Ukraine  #Russia #P‚Ä¶,2022-06-23 09:41:40+00:00
10,gplaucio,"RT @Ewe_Paz_HeT: Today, months pass &amp; we realize that Russia is nothing. Neither a military partner of course, nor a civil partner since it‚Ä¶",2022-06-23 09:41:28+00:00
11,indian_ukraine,"RT @KIAAcademYsir: üí°DAY-117 ... Stop WAR  &amp;  Make PEACE ..üïäÔ∏è

#UkraineRussiaWar #NATO #Ukraine #RussianUkrainianWar #RussiaUkraine   #WARIN‚Ä¶",2022-06-23 09:40:33+00:00
12,BlackCo16122436,"@BBCWorld .@BBCWorld Brutus Macron wants Putin to 'save face'. 
I invite you to my blog!
https://t.co/ZY8ITSrkZX
#world #politics #people #Ukraine #Russia #Putin #USA #Macron #Russian #UkraineRussiaWar #UkraineWar #Mariupol #France #Miller #Kiev",2022-06-23 09:35:37+00:00
13,BlackCo16122436,"@BBCWorld .@BBCWorld Will #Berlusconi give Sicily or Sardinia to #Putin? I invite to my blog!
https://t.co/5h3eX5QspF
#politics #people #Ukraine #Russia #USA #Macron #Russian #UkraineRussiaWar #UkraineWar #Mariupol #France #Poland #Zelenskyy #Italy",2022-06-23 09:35:23+00:00
14,LinguaMaxillam,"@campbellclaret #BorisJohnson is only the worst if your friends are Epstein, Putin and MBS, Assad.  Only the worst if you prefer murderous dicatorships who currently are clusterbombing children on beaches in #Ukraine.  Only the worst if you think #Putin should win #WWIII.  @UKLabour murderers!!",2022-06-23 09:33:58+00:00
15,pietakmp,RT @carolmswain: #Putin invaded #Ukraine that‚Äôs President Biden‚Äôs excuse for having wrecked the nation‚Äôs economy and it standing in the wor‚Ä¶,2022-06-23 09:33:56+00:00
16,gplaucio,RT @raging545: VIDEO from Severodonestk of Russian soldiers captured  after surrendering. There are some claims by captured Russian soldier‚Ä¶,2022-06-23 09:32:32+00:00
17,AjBaalman,"RT @Ewe_Paz_HeT: Criminals are always cynical, mocking, smiling and satisfied with their misdeeds. The day they hang on a rope, their pride‚Ä¶",2022-06-23 09:31:20+00:00
18,gplaucio,RT @kiraincongress: We need to make sure that we just take #russian money from all over the world where we can find it and send it to #Ukra‚Ä¶,2022-06-23 09:30:57+00:00
19,gplaucio,"RT @Ewe_Paz_HeT: Criminals are always cynical, mocking, smiling and satisfied with their misdeeds. The day they hang on a rope, their pride‚Ä¶",2022-06-23 09:30:47+00:00
20,ActionTime,RT @ActionTime: #RussianLosses Are HUGE: #Russian momentum in #Ukraine Could SLOW as #Russia Exhausts Resources #StopPutinNow #PutinsWarCri‚Ä¶,2022-06-23 09:30:36+00:00
21,billybirdau,@smudge_green It was #Putin who caused this....if he hadn't invaded #Ukraine this definitely wouldn't have happened....,2022-06-23 09:30:21+00:00
22,gplaucio,RT @ActionTime: #RussianLosses Are HUGE: #Russian momentum in #Ukraine Could SLOW as #Russia Exhausts Resources #StopPutinNow #PutinsWarCri‚Ä¶,2022-06-23 09:29:57+00:00
23,Ewe_Paz_HeT,"Criminals are always cynical, mocking, smiling and satisfied with their misdeeds. The day they hang on a rope, their pride disappears. Just before, during and after. Definitively. The rope is ready and even adapted to the size of a dwarf.
#Ukraine #UkraineWar #Putin",2022-06-23 09:29:22+00:00
24,_Thirunarayan1,"What to watch for in today's Jan. 6 panel hearing https://t.co/RPMKgcbYYM
#Biden #CNN #India #World #saudi #twitter #Movie #BB #Breaking #StrongerTogether #Vote #News #China #USA #UK #Russia #Ukraine #WW3 #Putin #Sweden",2022-06-23 09:28:23+00:00
25,_Thirunarayan1,"Ohio State University wins trademark for the word 'THE' https://t.co/h838KnoEMG
#Biden #CNN #India #World #saudi #twitter #Movie #BB #Breaking #StrongerTogether #Vote #News #China #USA #UK #Russia #Ukraine #WW3 #Putin #Sweden",2022-06-23 09:28:23+00:00
26,_Thirunarayan1,"New coronavirus subvariants escape antibodies from vaccination and prior Omicron infection, studies suggest https://t.co/o2r2GUqUNI
#Biden #CNN #India #World #saudi #twitter #Movie #BB #Breaking #StrongerTogether #Vote #News #China #USA #UK #Russia #Ukraine #WW3 #Putin #Sweden",2022-06-23 09:28:23+00:00
27,EDITORatWORK,"#Russian #sanctions Links to RUSSIAN SANCTIONS #Putin #Russia #Ukraine #war #Russian_debt #do_sanctions_work #automakers_hit #Lithuania_natural_gas
https://t.co/QZoDF5W4Fo
https://t.co/NvBETg89nL",2022-06-23 09:28:05+00:00
28,RamitPMasti,Gas prices sting US workers who depend on their cars (from @AP) #Gasprices #Russia #Ukraine #Putin #inflation  https://t.co/uzwZqJx2C1,2022-06-23 09:27:16+00:00
29,AarnaPrakash,"Ukraine's president said today there is no shortage of words that Russia did the same on February 24 as the Nazis did on June 22

Read more: https://t.co/qN1gaAMQW3

#Russia #Putin #Zelenskyy #Ukraine #RussiaUkraineWar https://t.co/7xOcDXXNid",2022-06-23 09:26:46+00:00
30,Antin1710,"@Microsoft: #Russian #Cyber #Spying Targets 42 #Ukraine Allies    
#AtrocitiesOfKremlin #War #Russia #Kremlin #Putin #closethesky   
https://t.co/fMqB3FANsB",2022-06-23 09:25:47+00:00
31,10WallStreet,RT @10WallStreet: Its Obvious #Zelenskyy is Blowing Smoke Up Asses  at #NATO. Time To Consider What #Putin Win Means in #Ukraine. Partition‚Ä¶,2022-06-23 09:23:14+00:00
32,Antin1710,"@Microsoft: #Russian #Cyber #Spying Targets 42 #Ukraine Allies    
#AtrocitiesOfKremlin #War #Russia #Kremlin #Putin #closethesky    
https://t.co/fMqB3FANsB",2022-06-23 09:22:12+00:00
33,KIAAcademYsir,"üí°DAY-117 ... Stop WAR  &amp;  Make PEACE ..üïäÔ∏è

#UkraineRussiaWar #NATO #Ukraine #RussianUkrainianWar #RussiaUkraine   #WARINUKRAINE #putin #Zelenskyy #UkraineUnderAttack #mariupol #Russia #India #Ukraine #Bucha #BuchaMasacre #BuchaGenocide #indianstudentsinukraine https://t.co/Olh0NwkgSM",2022-06-23 09:19:50+00:00
34,RamitPMasti,The AP Interview: Estonian PM says don't play down Russia (from @AP) #Ukraine #Russia #Estonia #EU #Putin  https://t.co/Iu0l2gsoZj,2022-06-23 09:18:52+00:00
35,NewsPerpetual,"PPN World News - 21 June 2022 ‚Ä¢ Afghanistan earthquake ‚Ä¢ Miami plane crash ‚Ä¢ Russia vs Lithuania
https://t.co/u3aEUSWbW2
#Kaliningrad #Russia #Lithuania #Afghanistan #Uvalde #Erdogan #Ukraine #Putin #WarInUkraine #Zelenskyy #Lebanon #RedAir #PlaneCrash #aviation #UvaldeCoverUp",2022-06-23 09:17:55+00:00
36,AaUkraine,"#LiveTracking

Over #Russia

#Russia Air Force Ilyushin Il-62MK flying into #Moscow

#Russian Special Flight Squadron
- Tupolev Tu-214
- Dassault Falcon 7X
- Ilyushin Il-96-300PU used to transport #Putin / #Medvedev now off radar

#Ukraine #UkraineRussiaWar #NATO #AirForce #OSINT https://t.co/ZieBbVIrmR",2022-06-23 09:13:50+00:00
37,rgnaptr,"RT @HerryNapit: Dictator Putin‚Äôs Afghanistan: The Russian army seems trapped in Ukraine, sacrificing minoritiesüëé

Read the thread,üëáHey worl‚Ä¶",2022-06-23 09:12:56+00:00
38,Kiaak80,"RT @HerryNapit: Russia's Black Sea blockade halts grain exports from Ukraine.

Lithuania Blockades Kaliningrad.

What's next, #Putinüê∑?

Any‚Ä¶",2022-06-23 09:12:17+00:00
39,JerryStreitz,"RT @WarAgainstPutin: Russian orcs dismantled and stole the biggest solar power station in #Ukraine, Tokmak Solar Energy. This is what Russi‚Ä¶",2022-06-23 09:00:38+00:00
40,indian_ukraine,"RT @KIAAcademYsir: üí°DAY-116 ... Stop WAR  &amp;  Make PEACE ..üïäÔ∏è

#UkraineRussiaWar #NATO #Ukraine #RussianUkrainianWar #RussiaUkraine   #WARIN‚Ä¶",2022-06-23 09:00:32+00:00
41,surser4855,"RT @SharleenLittle4: Putin deliberately provokes hunger in the world!
Moscow, by blocking Ukrainian ports, is striving for global destabili‚Ä¶",2022-06-23 08:59:24+00:00
42,GainMoneyFaster,"RT @GainMoneyFaster: SMART PASSIVE INCOME
Secret tip for money lovers

https://t.co/CLU7gXSmt1

#passive #income #money  #internet #euro #d‚Ä¶",2022-06-23 08:59:24+00:00
43,PamelaWarnstadt,"RT @PamelaWarnstadt: SMART PASSIVE EARNINGS

https://t.co/Kuctf3zAir

#passive #income #money #earn #internet #euro #dollar #stock #exchang‚Ä¶",2022-06-23 08:58:49+00:00
44,_Thirunarayan1,"Social stress prematurely ages your immune system, study finds https://t.co/mHwqz40eTE
#Biden #CNN #India #World #saudi #twitter #Movie #BB #Breaking #StrongerTogether #Vote #News #China #USA #UK #Russia #Ukraine #WW3 #Putin #Sweden",2022-06-23 08:58:22+00:00
45,_Thirunarayan1,"Ohio State University wins trademark for the word 'THE' https://t.co/h838KnpcCe
#Biden #CNN #India #World #saudi #twitter #Movie #BB #Breaking #StrongerTogether #Vote #News #China #USA #UK #Russia #Ukraine #WW3 #Putin #Sweden",2022-06-23 08:58:21+00:00
46,GlobalObserve10,"2Ô∏è‚É£ #Putin May #Win in #Ukraine, But the Real War Is Just Starting, Bloomberg, 19 June 2022",2022-06-23 08:56:37+00:00
47,jd_19573011,RT @kiraincongress: We need to make sure that we just take #russian money from all over the world where we can find it and send it to #Ukra‚Ä¶,2022-06-23 08:55:49+00:00
48,tameryazar,"In the darkness of war they are also there...
-
A #Ukrainian service member with a dog observes in the industrial area of the city of #Sievierodonetsk, as #Russia's attack on #Ukraine continues. #Kyiv #Russia #Moscow #Zelensky #Putin @peta @MercyForAnimals https://t.co/X9MMAM5mpM",2022-06-23 08:53:04+00:00
49,KIAAcademYsir,"üí°DAY-116 ... Stop WAR  &amp;  Make PEACE ..üïäÔ∏è

#UkraineRussiaWar #NATO #Ukraine #RussianUkrainianWar #RussiaUkraine   #WARINUKRAINE #putin #Zelenskyy #UkraineUnderAttack #mariupol #Russia #India #Ukraine #Bucha #BuchaMasacre #BuchaGenocide #indianstudentsinukraine https://t.co/vHQrngIdXk",2022-06-23 08:52:37+00:00
50,onesimohere,"Of course, we should not expect justice or compassion from #Putin ""Aiden Aslin: #Ukraine Briton told execution will go ahead @BBCNews - https://t.co/8cPR5IH94j",2022-06-23 08:52:33+00:00
51,tameryazar,"Local residents wait to receive humanitarian aid in front of a residential building that was damaged during the Russian attack, in #Borodyanka, #Kyiv region, #Ukraine ! #Russia #Moscow #Zelensky #Putin https://t.co/X8OU9olxUz",2022-06-23 08:50:37+00:00
52,caliophe20,"RT @anews: Parents in #Mariupol, #Ukraine are struggling to find the words to explain to their children why Ukraine is being attacked. 

#c‚Ä¶",2022-06-23 08:50:23+00:00
53,TonyKen69354734,"To every fool that thinks our Political Class suddenly reacted to #Putin's ""unprecedented aggression"", think again.

Adam #Schiff justified impeachment because #Trump was an obstacle to our proxy war w/ #Russia. The ""bad phone call"" served as a cover.

#Ukraine #Russians #war https://t.co/VHqBN8JC8g",2022-06-23 08:48:39+00:00
54,TheAccountantUK,RT @UxbEconomist07: Quick reminder of US #Inflation path approaching #Ukraine War. Some r asking why Joe #Biden is a able to blame #Putin &amp;‚Ä¶,2022-06-23 08:44:35+00:00
55,Lx121,"@b_chshevik @EyyRadioFree @gobloid3 3 things: 1.on the same index RUSSIA IS WORSE. 2. #ukraine is improving, LONGTERM trend. 3. in #PUTIN's #russia such #independent #international #ngo organisations &amp; #reporting ARE NOT ALLOWED TO EXIST. #especially during the #UkraineWar :P",2022-06-23 08:42:05+00:00
56,INSTINC26289171,"RT @HerryNapit: Dictator Putin‚Äôs Afghanistan: The Russian army seems trapped in Ukraine, sacrificing minoritiesüëé

Read the thread,üëáHey worl‚Ä¶",2022-06-23 08:40:00+00:00
57,RiteBoss,"RT @HerryNapit: Dictator Putin‚Äôs Afghanistan: The Russian army seems trapped in Ukraine, sacrificing minoritiesüëé

Read the thread,üëáHey worl‚Ä¶",2022-06-23 08:39:59+00:00
58,valik_lok79,"RT @SharleenLittle4: Putin deliberately provokes hunger in the world!
Moscow, by blocking Ukrainian ports, is striving for global destabili‚Ä¶",2022-06-23 08:39:58+00:00
59,SmartB0ss,"RT @HerryNapit: Dictator Putin‚Äôs Afghanistan: The Russian army seems trapped in Ukraine, sacrificing minoritiesüëé

Read the thread,üëáHey worl‚Ä¶",2022-06-23 08:39:54+00:00
60,CLEANBOSS2,"RT @HerryNapit: Dictator Putin‚Äôs Afghanistan: The Russian army seems trapped in Ukraine, sacrificing minoritiesüëé

Read the thread,üëáHey worl‚Ä¶",2022-06-23 08:39:49+00:00
61,AshRite2,"RT @HerryNapit: Dictator Putin‚Äôs Afghanistan: The Russian army seems trapped in Ukraine, sacrificing minoritiesüëé

Read the thread,üëáHey worl‚Ä¶",2022-06-23 08:39:42+00:00
62,INSTINC26289171,RT @HerryNapit: Mariupol: Russia could use the mobile crematorium in its war against Ukraine to hide the actual number of victims.üò± #Russia‚Ä¶,2022-06-23 08:39:32+00:00
63,PhilipCMead,"RT @PhilipCMead: #Putin‚Äôs #Ukraine invasion is the world‚Äôs first full-scale cyberwar
https://t.co/r2z0fUy4h0
The war shows how #Russia's mi‚Ä¶",2022-06-23 08:39:12+00:00
64,RiteBoss,RT @HerryNapit: Mariupol: Russia could use the mobile crematorium in its war against Ukraine to hide the actual number of victims.üò± #Russia‚Ä¶,2022-06-23 08:37:43+00:00
65,SmartB0ss,RT @HerryNapit: Mariupol: Russia could use the mobile crematorium in its war against Ukraine to hide the actual number of victims.üò± #Russia‚Ä¶,2022-06-23 08:37:38+00:00
66,CLEANBOSS2,RT @HerryNapit: Mariupol: Russia could use the mobile crematorium in its war against Ukraine to hide the actual number of victims.üò± #Russia‚Ä¶,2022-06-23 08:37:34+00:00
67,AshRite2,RT @HerryNapit: Mariupol: Russia could use the mobile crematorium in its war against Ukraine to hide the actual number of victims.üò± #Russia‚Ä¶,2022-06-23 08:37:29+00:00
68,ls_luiss,RT @kiraincongress: We need to make sure that we just take #russian money from all over the world where we can find it and send it to #Ukra‚Ä¶,2022-06-23 08:31:45+00:00
69,CLJ40,"RT @WarAgainstPutin: Russian orcs dismantled and stole the biggest solar power station in #Ukraine, Tokmak Solar Energy. This is what Russi‚Ä¶",2022-06-23 08:31:11+00:00
70,_Thirunarayan1,"Uvalde school police chief is suspended after weeks of brewing anger over botched response https://t.co/bA1EKkyIdm
#Biden #CNN #India #World #saudi #twitter #Movie #BB #Breaking #StrongerTogether #Vote #News #China #USA #UK #Russia #Ukraine #WW3 #Putin #Sweden",2022-06-23 08:28:21+00:00
71,_Thirunarayan1,"The world's most liveable cities for 2022 https://t.co/cJ6BjOpkm5
#Biden #CNN #India #World #saudi #twitter #Movie #BB #Breaking #StrongerTogether #Vote #News #China #USA #UK #Russia #Ukraine #WW3 #Putin #Sweden",2022-06-23 08:28:21+00:00
72,ProfessorP5,"However, if #Putin's #War in #Ukraine isn't enough to unite #Romania and #Moldova, how can I expect it to unify the #West.

#MaiReferendum https://t.co/J68LBiWNRv",2022-06-23 08:28:15+00:00
73,Lx121,"@b_chshevik @EyyRadioFree @gobloid3 #bullshit, #putin INVADED #ukraine to ""restore"" it to the ""greater russian empire"". putin has now SAID SO, #himself. did you miss his ""peter the great"" #crap? your ""peace"" is the same #APPEASEMENT hilter got out of czechoslovakia in 1938. the only ""peace"" putin wants is VICTORY.",2022-06-23 08:27:05+00:00
74,KimmoSasi,"When #EU gives candidate status to #Ukraine, the Council could state that also Russia is wellcome to EU when she fullfils the criteria. If #Putin wants to be Peter the Great he should westernize Russia: democracy, human rights, functionin market economy without corruption, peace.",2022-06-23 08:26:31+00:00
75,LatrBerserkr,"RT @nexta_tv: Aleksey Zhuravlyov is a member of State Duma and leader of the right-wing extremist party ""Rodina"" which openly supports Vlad‚Ä¶",2022-06-23 08:26:27+00:00
76,leifdahlberg,RT @kiraincongress: We need to make sure that we just take #russian money from all over the world where we can find it and send it to #Ukra‚Ä¶,2022-06-23 08:24:30+00:00
77,spicciar,"Paralysis in Moscow.
Why #Putin persists with his established strategy, accepting a test of endurance | #Ukraine https://t.co/nToQq4Jtku",2022-06-23 08:23:36+00:00
78,humanwords_,RT @23idiocracy: Warmongers argue we must protect Ukraine because it‚Äôs a ‚Äúdemocracy‚Äù https://t.co/UjM7BmDhhO #Putin #Russia #Ukraine @Tulsi‚Ä¶,2022-06-23 08:21:51+00:00
79,dtalavera2121,RT @kiraincongress: We need to make sure that we just take #russian money from all over the world where we can find it and send it to #Ukra‚Ä¶,2022-06-23 08:20:54+00:00
80,Lovepetdog,RT @kiraincongress: We need to make sure that we just take #russian money from all over the world where we can find it and send it to #Ukra‚Ä¶,2022-06-23 08:20:06+00:00
81,e_winzar,"RT @Eire353: SO MUCH IN COMMON, GET OVER YOURSELVES AND END THE WAR!
#Putin #Zelensky 
Will the war with #Russia rein in #Ukraine‚Äôs 
#oliga‚Ä¶",2022-06-23 08:19:50+00:00
82,instantPopMusic,"RT @nexta_tv: Aleksey Zhuravlyov is a member of State Duma and leader of the right-wing extremist party ""Rodina"" which openly supports Vlad‚Ä¶",2022-06-23 08:18:40+00:00
83,LynnBee93668857,RT @kiraincongress: We need to make sure that we just take #russian money from all over the world where we can find it and send it to #Ukra‚Ä¶,2022-06-23 08:17:34+00:00
84,MohammadiRashid,RT @kiraincongress: We need to make sure that we just take #russian money from all over the world where we can find it and send it to #Ukra‚Ä¶,2022-06-23 08:17:30+00:00
85,SeanFionn,"RT @ignis_fatum: üõëüõëüõëReports of explosions in Mykolayiv and Kherson 
#Ukraine #russia #putin",2022-06-23 08:17:25+00:00
86,SeanFionn,"RT @ignis_fatum: üö®üö®üö®#BREAKING 
Air raid alert sirens in most of the regions of #Ukraine 
Everyone there‚Äôs being asked to take cover and sta‚Ä¶",2022-06-23 08:17:24+00:00
87,GarethPike4,RT @kiraincongress: We need to make sure that we just take #russian money from all over the world where we can find it and send it to #Ukra‚Ä¶,2022-06-23 08:17:14+00:00
88,ignis_fatum,"üõëüõëüõëReports of explosions in Mykolayiv and Kherson 
#Ukraine #russia #putin",2022-06-23 08:17:04+00:00
89,kiraincongress,"We need to make sure that we just take #russian money from all over the world where we can find it and send it to #Ukraine, to make #putin pay for his actions.

https://t.co/3MDOMnKrFj
@tvn24",2022-06-23 08:15:00+00:00
90,PamelaWarnstadt,"SMART PASSIVE EARNINGS

https://t.co/Kuctf3zAir

#passive #income #money #earn #internet #euro #dollar #stock #exchange #currency #stockbroker #market #bitcoin #btc #distribution #usa #germany #london #pm #man #woman #putin #europe #russia #china #president #moscow  #ukraine #hot https://t.co/DGxPXcqkl8",2022-06-23 08:15:00+00:00
91,LinguaMaxillam,"And it continues.... Putin's double agents, Merkel, Shroeder and Scholz and VonDerLYING still blocking assistance, aid and support to those being MURDERED daily in #UKRAINE  #GERMANNAZIS live on and work side by side with #PUTIN! https://t.co/ea8YLEZyCV",2022-06-23 08:14:20+00:00
92,aftermath_user,"Would incorporating individual territories mean giving up the idea of taking control of the rest of the country?

Check it out: https://t.co/mdtmGwqhSf

#Donbass #Pushilin #Putin #Russia #Ukraine #Warinukraine #separatism #zelenski https://t.co/Ec3Cm4VU6g",2022-06-23 08:08:29+00:00
93,gatomalofor,"@GlasnostGone ‚ùóÔ∏è‚ùóÔ∏èA great way of Helping üá∫üá¶ and pissing-off #Putin 

United24 portal by the gov of Ukraine 
One click donations, safe &amp;easy 

@U24_gov_ua
 
@ZelenskyyUa 

https://t.co/StC3RwORkh

For those that don't know. This is the best way to ensure üíØ  of your help will reach #Ukraine",2022-06-23 08:04:30+00:00
94,jonic1986,"RT @officejjsmart: Things are getting tight. Losing #Lugansk (#Luhansk), #Ukraine would represent the completion of one of #Putin‚Äôs  üá∑üá∫ ori‚Ä¶",2022-06-23 08:02:09+00:00
95,RussianSitrep,"UKRAINE: WHEN THE ONLY FACTORIES PRODUCING ANYTHING CREATE LIES

https://t.co/bJD595EWET

#Ukraine #Russia #Donbass #Donbas #Severodonetsk #Lysychansk #Slavyansk #Kramatorsk #Bucha #Donetsk #Lugansk #Luhansk #Kiev #Kyiv #Russian #Ukrainian #War #Putin #Moscow #Lviv #Lvov #Nazis https://t.co/zPSmMtsZdW",2022-06-23 08:02:04+00:00
96,fitz52006,RT @UxbEconomist07: Quick reminder of US #Inflation path approaching #Ukraine War. Some r asking why Joe #Biden is a able to blame #Putin &amp;‚Ä¶,2022-06-23 08:00:32+00:00
97,GainMoneyFaster,"SMART PASSIVE EARNINGS

https://t.co/CLU7gXSmt1

#passive #income #money #earn #internet #euro #dollar #stock #exchange #currency #stockbroker #market #bitcoin #btc #distribution #usa #germany #london #pm #man #woman #putin #europe #russia #china #president #moscow  #ukraine #hot https://t.co/Z9nF46tLCy",2022-06-23 08:00:01+00:00
98,RussianSitrep,"THE BUBBLE OF WESTERN PROPAGANDA ON UKRAINE WILL BE SEEN TO BURST

https://t.co/2j5nZQD3CP

#Ukraine #Russia #Donbass #Donbas #Severodonetsk #Lysychansk #Slavyansk #Kramatorsk #Bucha #Donetsk #Lugansk #Luhansk #Kiev #Kyiv #Russian #Ukrainian #War #Putin #Moscow #Lviv #Lvov #Nazis https://t.co/mfOugNg5E5",2022-06-23 07:59:47+00:00
99,LibyanAnon,"Starve for democracy! Do it for the #ghostofkyiv! The #Ukraine is the only democracy in #Russia!
#Putin bad, #Zelensky good! https://t.co/Snip24gyWm",2022-06-23 07:57:24+00:00
100,def_izit,RT @ignis_fatum: üõëüõëüõëSumy regional administration says that the #Putin regime terrorists had shelled the town of Velyka Pisarivka near the b‚Ä¶,2022-06-14 06:14:19+00:00
101,miki_alula,"RT @DavidKevinDw3: Would you partner with #Putin if this were in #Ukraine
??
I don't think you didn't hear about #500K+ killing of civilian‚Ä¶",2022-06-14 06:13:45+00:00
102,rrolls1poet,RT @rrolls1poet: That is #Awsome #Ukraine was a #beautiful #Country #Putin and #Russia need to go #Home #Bullies go #Home #Too they then ar‚Ä¶,2022-06-14 06:12:29+00:00
103,Karolis80875164,RT @WarAgainstPutin: Let it be. #Putin must die. Glory to #Ukraine: https://t.co/dH831jnUbb,2022-06-14 06:12:21+00:00
104,gr1mrea9er,RT @WarAgainstPutin: #Putin's orcs destroyed one of the largest grain terminals in #Ukraine. Still questions who is behind the world's food‚Ä¶,2022-06-14 06:11:55+00:00
105,rrolls1poet,That is #Awsome #Ukraine was a #beautiful #Country #Putin and #Russia need to go #Home #Bullies go #Home #Too they then are #Alone.A #Bully I new became a friend and I earned his respect by standing up to him with my family too. Strength in numbers https://t.co/WfIAVBuzdc,2022-06-14 06:11:25+00:00
106,HultinKatarina,"RT @Matt_VanDyke: A riddle I heard here in Ukraine:

A Russian rifleman, tanker, and pilot are returning from the frontline.

Who is drivin‚Ä¶",2022-06-14 06:10:46+00:00
107,HultinKatarina,"RT @Matt_VanDyke: I recently appeared on the ""Judging Freedom"" podcast with Judge Napolitano (@JudgeNap), LIVE FROM UKRAINE, to discuss the‚Ä¶",2022-06-14 06:10:38+00:00
108,extratoothbrush,RT @WarAgainstPutin: #Putin's orcs destroyed one of the largest grain terminals in #Ukraine. Still questions who is behind the world's food‚Ä¶,2022-06-14 06:08:59+00:00
109,ignis_fatum,"üõëüõëüõëSumy regional administration says that the #Putin regime terrorists had shelled the town of Velyka Pisarivka near the border with Putin regimes #Russia , causing damage to homes 
#Ukraine https://t.co/rknP2UaR37",2022-06-14 06:08:57+00:00
110,Jeremiah23044,RT @WarAgainstPutin: #Putin's orcs destroyed one of the largest grain terminals in #Ukraine. Still questions who is behind the world's food‚Ä¶,2022-06-14 06:08:27+00:00
111,JamesL247893,"RT @raging545: A Russian Ka-52 ""Alligator"" attack helicopter was shot down near Izyum in NE Ukraine today by the Ukrainian 93rd separate me‚Ä¶",2022-06-14 06:07:28+00:00
112,HanumeZiba,"RT @ignis_fatum: üö®Air raid alert sirens in all the towns and cities of the Dnipro and Zaporizhya regions
Everyone there‚Äôs being asked to ta‚Ä¶",2022-06-14 06:01:19+00:00
113,EppeyGunn,"RT @InnaSovsun: Gazprom, Lukoil and other companies of #Putin, who is now destroying #Ukraine have been lobbying hard to get fossil gas in‚Ä¶",2022-06-14 05:59:04+00:00
114,LoevePhilippe,"RT @InnaSovsun: Gazprom, Lukoil and other companies of #Putin, who is now destroying #Ukraine have been lobbying hard to get fossil gas in‚Ä¶",2022-06-14 05:58:57+00:00
115,BrenierLaura,"RT @hugomanguelin: NEW #UKRAINE :
7 civilians were tortured then cowardly executed with a bullet in the head with their hands bound and the‚Ä¶",2022-06-14 05:57:11+00:00
116,roelofsronald,"RT @InnaSovsun: Gazprom, Lukoil and other companies of #Putin, who is now destroying #Ukraine have been lobbying hard to get fossil gas in‚Ä¶",2022-06-14 05:55:37+00:00
117,ignis_fatum,"üõëüõëüõë #Ukraine army says that 2 missiles of #Putin regime were destroyed over Odesa this morning 
#Russia",2022-06-14 05:51:16+00:00
118,Eve44231,"RT @raging545: A Russian Ka-52 ""Alligator"" attack helicopter was shot down near Izyum in NE Ukraine today by the Ukrainian 93rd separate me‚Ä¶",2022-06-14 05:49:41+00:00
119,LechuanPeng,"RT @bellzits: WAKE UP #EUROPE &amp; tweet to your Politicians &amp; Leaders to SEND WEAPONS &amp; AMMO &amp; do MORE to HELP Ukraine NOW!

#Putin isn‚Äôt goi‚Ä¶",2022-06-14 05:46:53+00:00
120,PGianni4,"RT @ignis_fatum: üö®Air raid alert sirens in all the towns and cities of the Dnipro and Zaporizhya regions
Everyone there‚Äôs being asked to ta‚Ä¶",2022-06-14 05:43:45+00:00
121,eroader,"RT @jdpoc: Your #5OClockInspiration.

Never forget who funded him, and his Party. Do not accept his recent Conversion on the Road to Damasc‚Ä¶",2022-06-14 05:42:47+00:00
122,bellzits,"WAKE UP #EUROPE &amp; tweet to your Politicians &amp; Leaders to SEND WEAPONS &amp; AMMO &amp; do MORE to HELP Ukraine NOW!

#Putin isn‚Äôt going to stop until he fulfils his ‚ÄúPUTIN the PUTRID‚Äù legacy of ‚Äúrestoration‚Äù of the Old Soviet Union

All the BALTIC STATES are at risk

Slava #Ukraine üá∫üá¶üïä https://t.co/l44LcjnhgS",2022-06-14 05:41:58+00:00
123,scheerenberger,"RT @ignis_fatum: üö®Air raid alert sirens in all the towns and cities of the Dnipro and Zaporizhya regions
Everyone there‚Äôs being asked to ta‚Ä¶",2022-06-14 05:39:36+00:00
124,mhall55nine,"RT @HerryNapit: Russia's invasion of Ukraine continues to destroy many lives, creates global food crisis. Putin pushes millions of people i‚Ä¶",2022-06-14 05:39:01+00:00
125,ignis_fatum,"üö®Air raid alert sirens in all the towns and cities of the Dnipro and Zaporizhya regions
Everyone there‚Äôs being asked to take cover and stay sheltered till the all clear sounds 
#Ukraine #russia #Putin",2022-06-14 05:38:48+00:00
126,mhall55nine,RT @HerryNapit: Russia - Ukraine war: Ukrainian army and Ukrainians fight to protect their homeland. Defend themselves from the Russians. T‚Ä¶,2022-06-14 05:38:35+00:00
127,mhall55nine,"RT @HerryNapit: Russia - Ukraine war: Phone calls intercepted by Ukrainian intel &gt;&gt;&gt;&gt;&gt; Russian soldiers eat dogs, and come back home in clo‚Ä¶",2022-06-14 05:38:24+00:00
128,JorgBrinkmann,"RT @UkraineNewsLive: After #Bucha, #putin and the company were very frightened - they thought the world would tear them apart. And the worl‚Ä¶",2022-06-14 05:38:06+00:00
129,okcgencom,"@Bundeskanzler @OlafScholz You are afraid to give Ukraine weapons for fear of being accused of Nazism, but you do not understand that Germany is no longer a Nazi country. Russia is the new #russia #putin #Germany #Zelenskiy #Ukraine #France #terrorusia #tribbumal https://t.co/rANmj3EHcd",2022-06-14 05:36:55+00:00
130,budaside1956,"RT @InnaSovsun: Gazprom, Lukoil and other companies of #Putin, who is now destroying #Ukraine have been lobbying hard to get fossil gas in‚Ä¶",2022-06-14 05:34:35+00:00
131,angel59766268,RT @Shevchenk0_Mila: Former Italian Prime #Minister Silvio #Berlusconi has said that #Europe must force #Ukraine to accept #Putin's terms.‚Ä¶,2022-06-14 05:31:58+00:00
132,LechuanPeng,RT @GlasnostGone: I had no idea the Kremlin run @instagram? Because yesterday #Putin's #Russia.... #Instagram deleted my new account. It's‚Ä¶,2022-06-14 05:26:15+00:00
133,Miroslavjova,"RT @ONLYGHOST0: Slava Rusiji! 
Good work #russian brothers am happy to se a new ukraine free ukraine #Serbian people stand with you not jus‚Ä¶",2022-06-14 05:21:58+00:00
134,worthynews,"France‚Äôs President May Lose Parliament Majority - https://t.co/w9dJ8OjcwP

#France #interest #IRS #News #Putin #Russia #UK #Ukraine #War #WorthyNews

French President Emmanuel Macron faced a setback Monday, with official results showing he may lose his https://t.co/Z9bcafRD5g",2022-06-14 05:21:43+00:00
135,_Thirunarayan1,"Analysis: Video of men stomping on a woman's head shakes China to the core https://t.co/prAkB2aFXO
#Biden #CNN #India #World #saudi #twitter #Movie #BB #Breaking #StrongerTogether #Vote #News #China #USA #UK #Russia #Ukraine #WW3 #Putin #Sweden",2022-06-14 05:21:01+00:00
136,QueenPeace2017,"RT @CupofJoeintheD2: When is #NATO going to say #EnoughIsEnough ??!!
#actionshaveconsequences 
#Putin 
#Ukraine 
#Russia",2022-06-14 05:16:53+00:00
137,NNaranont,RT @raging545: IMAGES  of a large fire in Bryansk in Russia app 60km from the Ukrainian border. No further details available. #Russia #Ukra‚Ä¶,2022-06-14 05:14:11+00:00
138,NNaranont,"RT @raging545: A Russian Ka-52 ""Alligator"" attack helicopter was shot down near Izyum in NE Ukraine today by the Ukrainian 93rd separate me‚Ä¶",2022-06-14 05:13:44+00:00
139,Iamcohelo,"Recently #Putin once again summoned history to justify #UkraineRussiaWar .  During a conference with young entrepreneurs, he compared his policy with that of Tsar Peter the Great, saying that #Russia was not taking, but taking back from #Ukraine, what belonged to it!",2022-06-14 05:11:39+00:00
140,NNaranont,RT @raging545: In Kharkiv region near Izyum Ukrainian missile air defences shot down a Russian Su-34 fighter-bomber.  #Russia #Ukraine #Put‚Ä¶,2022-06-14 05:10:07+00:00
141,Alam_Chaudry,"Illusion of #Ukraine defeating #Russia in battlefield is coming to a rapid end. Yes, #Putin shouldn‚Äôt have mounted full blown invasion but writing him off early and often appears to be deadly for üá∫üá¶ and its‚Äô citizens. Stalemate is the best outcome! https://t.co/AIM9d4ZpZ0",2022-06-14 05:10:03+00:00
142,Energypraktijk,"RT @InnaSovsun: Gazprom, Lukoil and other companies of #Putin, who is now destroying #Ukraine have been lobbying hard to get fossil gas in‚Ä¶",2022-06-14 05:09:11+00:00
143,AnneJovelin,"RT @InnaSovsun: Gazprom, Lukoil and other companies of #Putin, who is now destroying #Ukraine have been lobbying hard to get fossil gas in‚Ä¶",2022-06-14 05:08:23+00:00
144,LechuanPeng,RT @WarAgainstPutin: #Putin's orcs destroyed one of the largest grain terminals in #Ukraine. Still questions who is behind the world's food‚Ä¶,2022-06-14 05:07:17+00:00
145,jakconnorTT,".@elonmusk has destroyed Putin's disinformation campaign, says #Pentagon #Putin #Ukraine https://t.co/EZFdIW9m9M",2022-06-14 05:07:02+00:00
146,chad_sebring,"RT @TweakTown: .@elonmusk has destroyed Putin's disinformation campaign, says #Pentagon #Putin #Ukraine https://t.co/YTH2rYHPWv",2022-06-14 05:06:05+00:00
147,JonCoulterSSD,"RT @TweakTown: .@elonmusk has destroyed Putin's disinformation campaign, says #Pentagon #Putin #Ukraine https://t.co/YTH2rYHPWv",2022-06-14 05:06:05+00:00
148,camwilmot,"RT @TweakTown: .@elonmusk has destroyed Putin's disinformation campaign, says #Pentagon #Putin #Ukraine https://t.co/YTH2rYHPWv",2022-06-14 05:04:03+00:00
149,TylerBernath,"RT @TweakTown: .@elonmusk has destroyed Putin's disinformation campaign, says #Pentagon #Putin #Ukraine https://t.co/YTH2rYHPWv",2022-06-14 05:04:03+00:00
150,TweakTown,".@elonmusk has destroyed Putin's disinformation campaign, says #Pentagon #Putin #Ukraine https://t.co/YTH2rYHPWv",2022-06-14 05:03:03+00:00
151,Welcome2DevNull,"@RuthRitter2 The biggest #nazi issue in #Russia is #PutinNazi himself and his #RussianWarCriminals - many of the mercenary groups like ""Wagner Group"" are just #fascist organizations under his personal command committing war crimes regularly.
#Putin #Ukraine",2022-06-14 05:01:33+00:00
152,RalfGrahn,"EU countries finance #Putin's genocide in #Ukraine &gt; 
Russia‚Äôs Oil Revenue Soars Despite Sanctions, Study Finds https://t.co/ojJ5kyB0NX",2022-06-14 05:00:56+00:00
153,DavidUdale,"RT @NewsOneNG: Latest Dollar To Naira Exchange Rate Today 14th June 2022

#Forex #Dollar #fx #Naira #ExchangeRate #Nigeria
#Ukraine #Russia‚Ä¶",2022-06-14 04:59:30+00:00
154,RuthRitter2,Even #Putin himself gave up on the #Nazi BS.. you weirdness freakism! Putin has now decried it's all about taking over #Ukraine because it belongs to long lost #SovietUnion ! He's exterminating #Ukrainians ! #Genocide https://t.co/t6X7apcFI1,2022-06-14 04:55:21+00:00
155,Peace_Fem,RT @HannesCerny: (1) Spot on piece on why greatest threat to #Ukraine isn't Russian artillery but short attention span of Western democraci‚Ä¶,2022-06-14 04:55:05+00:00
156,RachelMiller84,RT @Voic6Indigenous: @Jim_Jordan Okay so he knew ahead of time that #Putin would illegally enter the #Ukraine and commit ‚Äúwar crimes.‚Äù Than‚Ä¶,2022-06-14 04:52:44+00:00
157,_Thirunarayan1,"Analysis: Hearings are testing whether Americans can still agree on a shared reality https://t.co/RTXgrLfiK0
#Biden #CNN #India #World #saudi #twitter #Movie #BB #Breaking #StrongerTogether #Vote #News #China #USA #UK #Russia #Ukraine #WW3 #Putin #Sweden",2022-06-14 04:51:00+00:00
158,_Thirunarayan1,"Australian teenager charged with printing a 'fully functioning' 3D firearm https://t.co/hW5qIg0XDr
#Biden #CNN #India #World #saudi #twitter #Movie #BB #Breaking #StrongerTogether #Vote #News #China #USA #UK #Russia #Ukraine #WW3 #Putin #Sweden",2022-06-14 04:51:00+00:00
159,ruirrib,"RT @InnaSovsun: Gazprom, Lukoil and other companies of #Putin, who is now destroying #Ukraine have been lobbying hard to get fossil gas in‚Ä¶",2022-06-14 04:50:53+00:00
160,UKreality,RT @raging545: In Kharkiv region near Izyum Ukrainian missile air defences shot down a Russian Su-34 fighter-bomber.  #Russia #Ukraine #Put‚Ä¶,2022-06-14 04:45:01+00:00
161,zwitschgerl,"RT @InnaSovsun: Gazprom, Lukoil and other companies of #Putin, who is now destroying #Ukraine have been lobbying hard to get fossil gas in‚Ä¶",2022-06-14 04:42:23+00:00
162,RamblinFoxx,RT @MiguelDante: New Video of Vladimir #Putin Shaking Uncontrollably at Public Event Sparks More Speculation Regarding the #Health of #Russ‚Ä¶,2022-06-14 04:40:27+00:00
163,nuestoyou,Why would anyone support #Trump now? Trump has made it clear that he supports #Putin and his invasion of the #Ukraine. Please someone explain that to me?,2022-06-14 04:39:58+00:00
164,kallecent,"RT @InnaSovsun: Gazprom, Lukoil and other companies of #Putin, who is now destroying #Ukraine have been lobbying hard to get fossil gas in‚Ä¶",2022-06-14 04:36:55+00:00
165,nikulsheta,"@ZelenskyyUa @MinPres I think now it is time to teach #Russia #Putin a lifetime lesson.  ü¶æüß®

#Ukraine should attack on #Russia by Airstrikes. Do Air raid on Russian cities instead of protecting ONLY Ukrainian people and cities. Showing #Putin how it feels is important now.

@ZelenskyyUa @Ukraine",2022-06-14 04:36:03+00:00
166,eclectelectric,RT @KyivPost: He was Vladimir #Putin‚Äôs first prime minister but Mikhail Kasyanov never in his worst nightmares imagined that his former bos‚Ä¶,2022-06-14 04:34:21+00:00
167,genet_raya_,"RT @DavidKevinDw3: Would you partner with #Putin if this were in #Ukraine
??
I don't think you didn't hear about #500K+ killing of civilian‚Ä¶",2022-06-14 04:30:39+00:00
168,HerryNapit,"Russia - Ukraine war: Phone calls intercepted by Ukrainian intel &gt;&gt;&gt;&gt;&gt; Russian soldiers eat dogs, and come back home in closed coffins. Russians steal grain but eat dogs themselves. What is wrong with Putin? üôÑ #Putin #Russia #Russian #Ukraine #Ukrainian https://t.co/8j7fuWsPrf",2022-06-14 04:28:30+00:00
169,LetbrehanGebre1,"RT @DavidKevinDw3: Would you partner with #Putin if this were in #Ukraine
??
I don't think you didn't hear about #500K+ killing of civilian‚Ä¶",2022-06-14 04:27:04+00:00
170,NewsOneNG,"Latest Dollar To Naira Exchange Rate Today 14th June 2022

#Forex #Dollar #fx #Naira #ExchangeRate #Nigeria
#Ukraine #Russia #Putin #RussianUkrainianWar
#BBNaijaReunion #BBNaija #PeterObi2023 https://t.co/Xgh8UiWH4u",2022-06-14 04:26:36+00:00
171,bellzits,"How dare you say that we shouldn‚Äôt humiliate #Putin? Or that Ukraine needs to make concessions &amp; give up their precious land?
@EmmanuelMacron 

The World needs to stop the madness of this war?

The trauma of War lasts a lifetime üò¢

Slava #Ukraine üí™üèªüá∫üá¶üïä",2022-06-14 04:26:11+00:00
172,bjarnekim,"#Medvedchuk  #Quisling #Putin #Ukraine #Euromaidan 
#NO TO #Russia 
MEDVEDCHUK VERSUS STUS
The blood from your crimes.
Your hands have traces
under the nails https://t.co/uUPXoY1oLM",2022-06-14 04:21:40+00:00
173,funlaughangel,"Representatives of 55 countries are fighting against the Russian army on the side of Ukraine https://t.co/mGUHQKQUqP 
#Putin #Russia #Potus #Usa #Zelensky #Ukraine",2022-06-14 04:21:16+00:00
174,_Thirunarayan1,"Analysis: Barr's stunning evolution from Trump loyalist to nemesis https://t.co/Qi4tgWn7qq
#Biden #CNN #India #World #saudi #twitter #Movie #BB #Breaking #StrongerTogether #Vote #News #China #USA #UK #Russia #Ukraine #WW3 #Putin #Sweden",2022-06-14 04:20:58+00:00
175,IahRataza,The World needs  #love  https://t.co/sVbjCWuQxm  #hiphop #superhero #Ok #dccomics #rap #musicaltheatre #monkeypox  #NBA #buffaloshoooting #BuffaloNY #photo #russia #ukraine #TexasSchoolMassacre  #lifeinsurance  #Uvalde #uvaldetx  #picoftheday #putin #UvaldeStrong  #UvaldeMassacre https://t.co/l8ermgrCTp,2022-06-14 04:18:58+00:00
176,Simon_A_Wood,"RT @georgegalloway: THIS WEEK: Blaming #Putin, guns before butter, Minsk opportunity, #Ukraine as well as cads, bounders and mountebanks‚Ä¶",2022-06-14 04:17:09+00:00
177,mykhaylokaz,"RT @TornCurtain1991: Bucolic #Ukraine forest is site of mass grave exhumation. Russian legacy of torturing Ukrainians, killing them and bur‚Ä¶",2022-06-14 04:17:06+00:00
178,BipolarRedPills,So what ever happened to Ukraine? Crickets‚Ä¶. #Russia #ukraine #Putin,2022-06-14 04:13:36+00:00
179,IahRataza,The World needs  #love  https://t.co/sVbjCWuQxm  #hiphop #superhero #Ok #dccomics #rap #musicaltheatre #monkeypox  #NBA #buffaloshoooting #BuffaloNY #photo #russia #ukraine #TexasSchoolMassacre  #lifeinsurance  #Uvalde #uvaldetx  #picoftheday #putin #UvaldeStrong  #UvaldeMassacre https://t.co/RYvjEV1Eh9,2022-06-14 04:10:33+00:00
180,CrisisInTheDC,RT @IahRataza: The World needs  #love  https://t.co/sVbjCWuQxm  #hiphop #superhero #Ok #dccomics #rap #musicaltheatre #monkeypox  #NBA #buf‚Ä¶,2022-06-14 04:09:57+00:00
181,CrisisInTheDC,RT @IahRataza: The World needs  #love  https://t.co/sVbjCWuQxm  #hiphop #superhero #Ok #dccomics #rap #musicaltheatre #monkeypox  #NBA #buf‚Ä¶,2022-06-14 04:09:53+00:00
182,IahRataza,The World needs  #love  https://t.co/sVbjCWuQxm  #hiphop #superhero #Ok #dccomics #rap #musicaltheatre #monkeypox  #NBA #buffaloshoooting #BuffaloNY #photo #russia #ukraine #TexasSchoolMassacre  #lifeinsurance  #Uvalde #uvaldetx  #picoftheday #putin #UvaldeStrong  #UvaldeMassacre https://t.co/tbjWpo7W1N,2022-06-14 04:08:49+00:00
183,IahRataza,The World needs  #love  https://t.co/sVbjCWuQxm  #hiphop #superhero #Ok #dccomics #rap #musicaltheatre #monkeypox  #NBA #buffaloshoooting #BuffaloNY #photo #russia #ukraine #TexasSchoolMassacre  #lifeinsurance  #Uvalde #uvaldetx  #picoftheday #putin #UvaldeStrong  #UvaldeMassacre https://t.co/FUDK2Q2G8d,2022-06-14 04:07:51+00:00
184,ItZmeKatherine,RT @Voic6Indigenous: @Jim_Jordan Okay so he knew ahead of time that #Putin would illegally enter the #Ukraine and commit ‚Äúwar crimes.‚Äù Than‚Ä¶,2022-06-14 04:07:02+00:00
185,JohnGMandziuk,RT @GlasnostGone: I had no idea the Kremlin run @instagram? Because yesterday #Putin's #Russia.... #Instagram deleted my new account. It's‚Ä¶,2022-06-14 04:04:57+00:00
186,2newhope3,RT @HerryNapit: Russia - Ukraine war: Ukrainian army and Ukrainians fight to protect their homeland. Defend themselves from the Russians. T‚Ä¶,2022-06-14 04:04:57+00:00
187,_Thirunarayan1,"World War II Vet Receives Over 10,000 Cards For 100th Birthday 
https://t.co/aBa2mkhsLr 
#Biden #NBC #MSNBC #CNBC #India #CNN #World #shorts #saudi #twitter #Movie #BB #Breaking #StrongerTogether #Vote #News #China #USA #UK #Russia #Ukraine #WW3 #Putin #Sweden",2022-06-14 04:04:54+00:00
188,LCunninghamII2,"RT @officejjsmart: Sadly, I agree with @KuldkeppMart: The West is losing interest in #Ukraineüá∫üá¶. #Putin accurately predicted this day and k‚Ä¶",2022-06-14 04:03:52+00:00
189,indian_ukraine,"RT @KIAAcademYsir: üí°DAY-105 ... Stop WAR  &amp;  Make PEACE ..üïäÔ∏è

#UkraineRussiaWar #NATO #Ukraine #RussianUkrainianWar #RussiaUkraine   #WARIN‚Ä¶",2022-06-14 04:02:56+00:00
190,funlaughangel,"Russia is testing new weapons out on Ukrainians, violating the laws and customs of war - Maliar https://t.co/b8UtwxC69X 
#Putin Russia #Zelensky #Ukraine #Potus #Usa",2022-06-14 04:01:42+00:00
191,bellzits,"@Cherry4ever10 I wonder what hold or info #Putin has on these despicable traitors? It must be something worth risking every bit of credibility over? 

What has Putin promised Macron or what is he blackmailing him over? 

The truth needs to be exposed?

Slava #Ukraine üí™üèªüá∫üá¶üïä",2022-06-14 04:00:10+00:00
192,HerryNapit,Russia - Ukraine war: Ukrainian army and Ukrainians fight to protect their homeland. Defend themselves from the Russians. Tell Germany's Scholz and and France's Macron to stop the deadly support for Russian president PutinüíÄ#Putin #Scholz #Macron #Russia #Ukraine #Germany #France https://t.co/pwONRkPC4Z,2022-06-14 04:00:02+00:00
193,GainMoneyFaster,"SMART PASSIVE EARNINGS

https://t.co/CLU7gXSmt1

#passive #income #money #earn #internet #euro #dollar #stock #exchange #currency #stockbroker #market #bitcoin #btc #distribution #usa #germany #london #pm #man #woman #putin #europe #russia #china #president #moscow  #ukraine #hot https://t.co/oBiLTTJuZm",2022-06-14 04:00:00+00:00
194,April_Shorty_,"Learning to Think Nuclearly Again - A new #nuclear era demands strategy, not just arms control. 
#Russia #Europe #Putin #Ukraine #war #China 
https://t.co/AJmU3VPOXJ",2022-06-14 03:59:48+00:00
195,bee10ved,"RT @bee10ved: Since Late #Feb it‚Äôs only #June OVER TenThousand #UkraineSoldiers?
many #men #female #youth were #civilians #forced by #Invas‚Ä¶",2022-06-14 03:57:18+00:00
196,O1RpJelAVAJoYZz,"RT @DavidKevinDw3: Would you partner with #Putin if this were in #Ukraine
??
I don't think you didn't hear about #500K+ killing of civilian‚Ä¶",2022-06-14 03:57:15+00:00
197,WB6DYN,"#BREAKING #NEWSüö®

#Ukraine @EU_Commission will urge #EU candidate status for Ukraine. It could be a signal to #Putin that he lost any chance of reclaiming Ukraine into his supposed ‚Äúsphere of influence.‚Äù

#Belarus could be next but they‚Äôre already a Russian proxy-with missilesüöÄ https://t.co/X8TCDZGkhO",2022-06-14 03:57:07+00:00
198,AdvocateIndian,‚ÄòEnemy moving in‚Äô: Fierce battle as Russian troops storm key city | News | Al Jazeera https://t.co/yeKc7Rq5KV #Severodonetsk #Severodonestk #Severodonesk #Russia #Putin #Ukraine #Europe #sensex #Nifty #StockMarket #StockMarketindia #Donbass @EconomicTimes #stockmarketcrash @CNBC,2022-06-14 03:56:25+00:00
199,jari_jussila,RT @raging545: In Kharkiv region near Izyum Ukrainian missile air defences shot down a Russian Su-34 fighter-bomber.  #Russia #Ukraine #Put‚Ä¶,2022-06-14 03:55:46+00:00
200,Dorothy11405068,"RT @Diplomacy140: If #Putin's army is not stopped in #Donbas, it will continue to march West. What invading army ever stops on its own? The‚Ä¶",2022-06-14 03:55:30+00:00
201,KinchJason,RT @Avi33Hoffman: @McFaul #Putin will never end the war with #Ukraine alone. He must be forced by a SIGNIFICANT #EU/#NATO/#World #Humanitar‚Ä¶,2022-06-14 03:53:44+00:00
202,_Thirunarayan1,"Kimberly Guilfoyle was paid $60,000 for speaking at Ellipse rally intro, Jan. 6 committee member says https://t.co/H71sCF4Fpy
#Biden #CNN #India #World #saudi #twitter #Movie #BB #Breaking #StrongerTogether #Vote #News #China #USA #UK #Russia #Ukraine #WW3 #Putin #Sweden",2022-06-14 03:50:58+00:00
203,_Thirunarayan1,"A 7th member of the Haitian delegation at the Special Olympics in Florida has gone missing, officials say https://t.co/iJaj1VydRZ
#Biden #CNN #India #World #saudi #twitter #Movie #BB #Breaking #StrongerTogether #Vote #News #China #USA #UK #Russia #Ukraine #WW3 #Putin #Sweden",2022-06-14 03:50:58+00:00
204,_Thirunarayan1,"WH press secretary dismisses reports detailing concerns over Biden's reelection as 'hearsay' https://t.co/HgxhZ59Zjw
#Biden #CNN #India #World #saudi #twitter #Movie #BB #Breaking #StrongerTogether #Vote #News #China #USA #UK #Russia #Ukraine #WW3 #Putin #Sweden",2022-06-14 03:50:57+00:00
205,_Thirunarayan1,"The James Beard Award 2022 winners are ... https://t.co/fTj4pop8Zm
#Biden #CNN #India #World #saudi #twitter #Movie #BB #Breaking #StrongerTogether #Vote #News #China #USA #UK #Russia #Ukraine #WW3 #Putin #Sweden",2022-06-14 03:50:57+00:00
206,KIAAcademYsir,"üí°DAY-105 ... Stop WAR  &amp;  Make PEACE ..üïäÔ∏è

#UkraineRussiaWar #NATO #Ukraine #RussianUkrainianWar #RussiaUkraine   #WARINUKRAINE #putin #Zelenskyy #UkraineUnderAttack #mariupol #Russia #India #Ukraine #Bucha #BuchaMasacre #BuchaGenocide #indianstudentsinukraine https://t.co/kCaBuprzUO",2022-06-14 03:50:55+00:00
207,JoelThompson009,RT @MiguelDante: New Video of Vladimir #Putin Shaking Uncontrollably at Public Event Sparks More Speculation Regarding the #Health of #Russ‚Ä¶,2022-06-14 03:50:12+00:00
208,VisionProfond,"RT @DossierTibet: #Russia‚Äôs ex-PM says #Putin ‚Äòout of it‚Äô, #Ukraine war could last two years.He was Vladimir Putin‚Äôs first prime minister b‚Ä¶",2022-06-14 03:48:29+00:00
209,JakubGogolewsk4,"RT @InnaSovsun: Gazprom, Lukoil and other companies of #Putin, who is now destroying #Ukraine have been lobbying hard to get fossil gas in‚Ä¶",2022-06-14 03:46:10+00:00
210,_Thirunarayan1,"Brazilian Authorities Deny Reports Of Bodies Found In Missing Journalist Search 
https://t.co/GNyz7f4TWx 
#Biden #NBC #MSNBC #CNBC #India #CNN #World #shorts #saudi #twitter #Movie #BB #Breaking #StrongerTogether #Vote #News #China #USA #UK #Russia #Ukraine #WW3 #Putin #Sweden",2022-06-14 03:44:54+00:00
211,dee4peace,It‚Äôs CRUMBLING faster than they thought it would | Redacted @ClaytonMorris @natalimorris #Inflation #Biden blames #Putin. #Zelensky begging for more weapons. Guest Scott Ritter #USA planning to use #Ukraine as a drone testing ground to attack #Russians https://t.co/Y2bQWfyEVV,2022-06-14 03:43:47+00:00
212,Richard02842480,RT @GlasnostGone: I had no idea the Kremlin run @instagram? Because yesterday #Putin's #Russia.... #Instagram deleted my new account. It's‚Ä¶,2022-06-14 03:40:45+00:00
213,Bubub_LoveHK,"RT @Lukas_Dreams: Because the worlds laughing at the size of #Putin's giant table, yesterday Russia's cowardly dictator Putin produced a fa‚Ä¶",2022-06-14 03:38:08+00:00
214,Raidos1914,"RT @EagleNews: Russia will help PHL in its oil and gas needs, says Russian ambassador Pavlov
#energy #gas #Gazprom #oilcrisis #OPEC #OPECPl‚Ä¶",2022-06-14 03:37:09+00:00
215,truthjustice61,"#Putin Issues Warning If Allies Send #Ukraine üá∫üá¶üåªLong-Range Weapons |  üëá

https://t.co/5U4kK04Qbz

#Russia attacking #Ukraineüá∫üá¶üåª anyway.

#Putin NOT promising NOT to bomb anywhere. 

#Putin promises USELESS.üò≥",2022-06-14 03:35:57+00:00
216,MaryAnneGruen,RT @MiguelDante: New Video of Vladimir #Putin Shaking Uncontrollably at Public Event Sparks More Speculation Regarding the #Health of #Russ‚Ä¶,2022-06-14 03:35:34+00:00
217,terpsichore_los,"RT @DossierTibet: #Russia‚Äôs ex-PM says #Putin ‚Äòout of it‚Äô, #Ukraine war could last two years.He was Vladimir Putin‚Äôs first prime minister b‚Ä¶",2022-06-14 03:35:05+00:00
218,TheHippyNewsOut,"RT @DossierTibet: #Russia‚Äôs ex-PM says #Putin ‚Äòout of it‚Äô, #Ukraine war could last two years.He was Vladimir Putin‚Äôs first prime minister b‚Ä¶",2022-06-14 03:34:59+00:00
219,DossierTibet,"#Russia‚Äôs ex-PM says #Putin ‚Äòout of it‚Äô, #Ukraine war could last two years.He was Vladimir Putin‚Äôs first prime minister but #MikhailKasyanov never in his worst nightmares imagined that his former boss would unleash a full-scale war on Ukraine.",2022-06-14 03:34:25+00:00
220,conniedocekal2,RT @MiguelDante: New Video of Vladimir #Putin Shaking Uncontrollably at Public Event Sparks More Speculation Regarding the #Health of #Russ‚Ä¶,2022-06-14 03:34:05+00:00
221,EscapVelocity,RT @MiguelDante: New Video of Vladimir #Putin Shaking Uncontrollably at Public Event Sparks More Speculation Regarding the #Health of #Russ‚Ä¶,2022-06-14 03:29:30+00:00
222,Starlight9Snow,"""Respect for sovereignty means to not allow unconstitutional action and coup d'√©tats, the removal of legitimate power."" ~ President Vladimir Putin
#Putin #PresidentPutin #Russia #Constitution #Russians #USA #Ukraine #Biden #Obama #Hillary  #BushJr #Zelensky #NoProxyWar #Peace https://t.co/0In8qgC21L",2022-06-14 03:22:23+00:00
223,_Thirunarayan1,"Woman who wrote an essay on how to murder a husband sentenced to life for murdering her husband https://t.co/FGldiMUcIO
#Biden #CNN #India #World #saudi #twitter #Movie #BB #Breaking #StrongerTogether #Vote #News #China #USA #UK #Russia #Ukraine #WW3 #Putin #Sweden",2022-06-14 03:20:56+00:00
224,roeder_jill,"RT @MullenMulling: People everywhere need to keep this destruction front and centre in the media, as a call to action to help #Ukraine. #Pu‚Ä¶",2022-06-14 03:20:51+00:00
225,mirabile,RT @LIfe_Love_Honey: Just a reminder that while we have to spend time showing the #MAGA idiots that their messiah was a lying cheating bast‚Ä¶,2022-06-14 03:19:32+00:00
226,PodcasterInc,RT @TheBusinessAne1: We all know #Putin should never have invaded #Ukraine and there was never a scenario where Ukraine would win a war aga‚Ä¶,2022-06-14 03:18:27+00:00
227,ChangeinafricaC,RT @TheBusinessAne1: We all know #Putin should never have invaded #Ukraine and there was never a scenario where Ukraine would win a war aga‚Ä¶,2022-06-14 03:17:58+00:00
228,shanenorman2002,RT @TheBusinessAne1: We all know #Putin should never have invaded #Ukraine and there was never a scenario where Ukraine would win a war aga‚Ä¶,2022-06-14 03:17:46+00:00
229,TheBusinessAne1,RT @TheBusinessAne1: We all know #Putin should never have invaded #Ukraine and there was never a scenario where Ukraine would win a war aga‚Ä¶,2022-06-14 03:17:34+00:00
230,TheBusinessAne1,"We all know #Putin should never have invaded #Ukraine and there was never a scenario where Ukraine would win a war against #Russia. #America and #UK know this, so why are they arming #Zelensky for failure instead of pushing for a diplomatic solution? 

https://t.co/qcoDt7oU1j",2022-06-14 03:17:23+00:00
231,anarchitek1,RT @MiguelDante: New Video of Vladimir #Putin Shaking Uncontrollably at Public Event Sparks More Speculation Regarding the #Health of #Russ‚Ä¶,2022-06-14 03:16:54+00:00
232,RobAbramowitz,"@DRHerc1705 @atrupar Blame #Putin for starting a war in #Ukraine and now no one wants his oil because they don‚Äôt want to help his economy.
Oil prices have nothing to do with US Presidents. It‚Äôs a world economic issue about supply and demand, and also market speculation. 
You should read up.",2022-06-14 03:15:07+00:00
233,MarkAiton2,RT @MiguelDante: New Video of Vladimir #Putin Shaking Uncontrollably at Public Event Sparks More Speculation Regarding the #Health of #Russ‚Ä¶,2022-06-14 03:11:38+00:00
234,sophieJac65,"RT @proudukraine: #Putin said that #Russia's goal is to get back all lost ""#Russian lands"".

Just to remind #Scholz that for #Russians East‚Ä¶",2022-06-14 03:11:05+00:00
235,_Thirunarayan1,"U.S Heat Wave Fuels Massive Wildfires Across Southwest 
https://t.co/B3DqTWyC8W 
#Biden #NBC #MSNBC #CNBC #India #CNN #World #shorts #saudi #twitter #Movie #BB #Breaking #StrongerTogether #Vote #News #China #USA #UK #Russia #Ukraine #WW3 #Putin #Sweden",2022-06-14 03:09:51+00:00
236,_Thirunarayan1,"Top Story with Tom Llamas - June 13 | NBC News NOW 
https://t.co/3zCbpJ4V6k 
#Biden #NBC #MSNBC #CNBC #India #CNN #World #shorts #saudi #twitter #Movie #BB #Breaking #StrongerTogether #Vote #News #China #USA #UK #Russia #Ukraine #WW3 #Putin #Sweden",2022-06-14 03:09:51+00:00
237,RickBronkhorst,When you realise #Putin made @mondaydotcom sell #burgers to #Russia. #Putzy #Ukraine https://t.co/g5Oi36yX1C,2022-06-14 03:00:55+00:00
238,justessb,RT @Voic6Indigenous: @Jim_Jordan Okay so he knew ahead of time that #Putin would illegally enter the #Ukraine and commit ‚Äúwar crimes.‚Äù Than‚Ä¶,2022-06-14 02:55:54+00:00
239,klp723,It's pro-Putinland. #Putin is a monster. #PutinWarCrimes  #PutinWarCriminal #PutinHitler #Ukraine #UkraineRussiaWar #UkraineRussia #Ukrainian #Russia #RussiaUkraineCrisis #PutinsPuppet #PutinsGOP https://t.co/cRMpJBZ4R0,2022-06-14 02:55:40+00:00
240,Coalsmoke1,RT @MiguelDante: New Video of Vladimir #Putin Shaking Uncontrollably at Public Event Sparks More Speculation Regarding the #Health of #Russ‚Ä¶,2022-06-14 02:53:53+00:00
241,_Thirunarayan1,"Chicago woman dies after falling into the Colorado River on a commercial river trip, park service says   https://t.co/jUTc2hcZhU
#Biden #CNN #India #World #saudi #twitter #Movie #BB #Breaking #StrongerTogether #Vote #News #China #USA #UK #Russia #Ukraine #WW3 #Putin #Sweden",2022-06-14 02:50:56+00:00
242,_Thirunarayan1,"Australia reaches World Cup finals with penalty shootout win over Peru https://t.co/ZAsVAa0moR
#Biden #CNN #India #World #saudi #twitter #Movie #BB #Breaking #StrongerTogether #Vote #News #China #USA #UK #Russia #Ukraine #WW3 #Putin #Sweden",2022-06-14 02:50:56+00:00
243,_Thirunarayan1,"'It's a grift': Jan. 6 committee member tells Tapper that Trump's campaign bilked donors https://t.co/JzEx0eW76I
#Biden #CNN #India #World #saudi #twitter #Movie #BB #Breaking #StrongerTogether #Vote #News #China #USA #UK #Russia #Ukraine #WW3 #Putin #Sweden",2022-06-14 02:50:56+00:00
244,SunjayJK,"While @EU_Commission led by @eucopresident @vonderleyen @Elysee @EmmanuelMacron .. wr busy building their economies, the immoral dictator #Putin was building up his bombs arsenal, incl banned, w/EU üí∂

Let him keep parts of E #Ukraine, his successor likely to be rational: #EndWar https://t.co/uSzXG8mk6n",2022-06-14 02:49:28+00:00
245,NewHopePublish,"RT @TornCurtain1991: Bucolic #Ukraine forest is site of mass grave exhumation. Russian legacy of torturing Ukrainians, killing them and bur‚Ä¶",2022-06-14 02:41:43+00:00
246,hotforwords,New painting ‚ÄúTasty Period‚Äù is a name for Russian version of @McDonalds #–≤–∫—É—Å–Ω–æ–∏—Ç–æ—á–∫–∞ #–ø—É—Ç–∏–Ω #Putin #McDonalds #pussyriot #Ukraine #StopTheWar https://t.co/vZBJ0OoKQS,2022-06-14 02:36:52+00:00
247,_Thirunarayan1,"Abbott Baby Formula Plant Wasn't Inspected For Two Years, According to AP 
https://t.co/DrcpJbmmif 
#Biden #NBC #MSNBC #CNBC #India #CNN #World #shorts #saudi #twitter #Movie #BB #Breaking #StrongerTogether #Vote #News #China #USA #UK #Russia #Ukraine #WW3 #Putin #Sweden",2022-06-14 02:34:49+00:00
248,lawrenc95535061,"RT @KyivPost: OPINION
Putin has launched the largest European conflict since WWII for the simple reason that he wants to conquer #Ukraine.‚Ä¶",2022-06-14 02:32:40+00:00
249,JustmeAnybody,RT @raging545: The British defense company QinetiQ will provide 10 TALON demining robots for use in Ukraine. #Russia #Ukraine #Putin #Ukrai‚Ä¶,2022-06-14 02:32:35+00:00
250,IahRataza,RT @IahRataza: The World needs  #love  https://t.co/sVbjCWuQxm  #hiphop #superhero #Ok #dccomics #rap #musicaltheatre #monkeypox  #NBA #buf‚Ä¶,2022-06-14 02:30:54+00:00
251,_Thirunarayan1,"NOW Tonight with Joshua Johnson - June 13 | NBC News NOW 
https://t.co/mrZpLkgTxr 
#Biden #NBC #MSNBC #CNBC #India #CNN #World #shorts #saudi #twitter #Movie #BB #Breaking #StrongerTogether #Vote #News #China #USA #UK #Russia #Ukraine #WW3 #Putin #Sweden",2022-06-14 02:29:49+00:00
252,DScntst,RT @Voic6Indigenous: @Jim_Jordan Okay so he knew ahead of time that #Putin would illegally enter the #Ukraine and commit ‚Äúwar crimes.‚Äù Than‚Ä¶,2022-06-14 02:29:32+00:00
253,MsMelissa312,RT @TheOliverStone: My thoughts on some potential #Neocon objectives. #Zelenskyy #Putin #Ukraine #Donbass #Russia #VictoriaNuland https://t‚Ä¶,2022-06-14 02:29:09+00:00
254,OraclePersepho1,"RT @TornCurtain1991: Bucolic #Ukraine forest is site of mass grave exhumation. Russian legacy of torturing Ukrainians, killing them and bur‚Ä¶",2022-06-14 02:25:46+00:00
255,TheBonnyDoon,"RT @InnaSovsun: Gazprom, Lukoil and other companies of #Putin, who is now destroying #Ukraine have been lobbying hard to get fossil gas in‚Ä¶",2022-06-14 02:24:20+00:00
256,_Thirunarayan1,"Police in Texas kill a man who fired his weapon inside a gym hosting a children's summer camp https://t.co/TOxjF6Y1iV
#Biden #CNN #India #World #saudi #twitter #Movie #BB #Breaking #StrongerTogether #Vote #News #China #USA #UK #Russia #Ukraine #WW3 #Putin #Sweden",2022-06-14 02:20:55+00:00
257,ItIsAboutPeople,"Well how about that. Another conspiracy theory that isn't. I don't think Putin's list of Sanctioned Americans is wrong. 

#Ukraine #Russia #Putin https://t.co/B6JB0FFcso",2022-06-14 02:20:35+00:00
258,funlaughangel,Zelenskyy calls on world to take 'preemptive measures' to prevent China invasion of Taiwan https://t.co/0bN6XFmoUe #Ukraine #Zelensky #China #Taiwan #Putin #Russia #Potus #Usa,2022-06-14 02:19:06+00:00
259,Manishverma1982,"RT @reachind_USACAN: .@SenRichardBlack telling us truth of #RussiaUkraineConflict 

1. #Ukraine used as proxy byüá∫üá∏
2. #Putin has framed as‚Ä¶",2022-06-14 02:15:16+00:00
260,AsianTigersJp,"#trump #trumpwarroom #donaldjtrumpjr #repmtg #CatalinaLauf #kimKBaltimore #karilake #seanhannity #TuckerCarlson #TedCruz #Covid #Vaccine #virus #Pfizer #Moderna #Mandate #trudeau #truck #ottawa #Canada #Ukraine #Russia #Putin

Why do the governments of the world ignore this fact? https://t.co/RGCt0j5RyU",2022-06-14 02:13:53+00:00
261,RalfGrahn,"RT @InnaSovsun: Gazprom, Lukoil and other companies of #Putin, who is now destroying #Ukraine have been lobbying hard to get fossil gas in‚Ä¶",2022-06-14 02:09:53+00:00
262,_Thirunarayan1,"Nightly News Full Broadcast - June 13 
https://t.co/hXAgKdeb1Q 
#Biden #NBC #MSNBC #CNBC #India #CNN #World #shorts #saudi #twitter #Movie #BB #Breaking #StrongerTogether #Vote #News #China #USA #UK #Russia #Ukraine #WW3 #Putin #Sweden",2022-06-14 02:09:48+00:00
263,eyesonfoxorg,#Zelensky's heroes shoot down #Putin's elite ¬£41million Su-34 bomber over #Ukraine city  https://t.co/R1jYBRiN71,2022-06-14 02:07:22+00:00
264,NNaranont,"RT @TornCurtain1991: Bucolic #Ukraine forest is site of mass grave exhumation. Russian legacy of torturing Ukrainians, killing them and bur‚Ä¶",2022-06-14 02:07:11+00:00
265,bee10ved,"Since Late #Feb it‚Äôs only #June OVER TenThousand #UkraineSoldiers?
many #men #female #youth were #civilians #forced by #Invasion 2 #Defend all Life LoveOnes
est 4000thousandCivilians or more #DEAD
same Injured
Sounds like #Genocide 2Me #Putin wants #Ukraine
IS #Killing The PEOPLE https://t.co/n4zqt61Og5",2022-06-14 02:01:32+00:00
266,SEdward24,RT @raging545: VIDEO of Ukrainian troops possibly in battle with Russian forces possibly in the Industrial area of  Severodonestk. #Russia‚Ä¶,2022-06-14 02:01:24+00:00
267,AnathpindikaS,"@washingtonpost For all of #Putin's miscalculations about the #UkraineRussiaWar, the Allies must keep up with their unflagging support of #Ukraine. This is no time for consternation.#Russia",2022-06-14 02:00:45+00:00
268,nari_charles,"RT @TornCurtain1991: Bucolic #Ukraine forest is site of mass grave exhumation. Russian legacy of torturing Ukrainians, killing them and bur‚Ä¶",2022-06-14 01:59:21+00:00
269,20PEACE22media,"@KyivIndependent Help retweeting. Look at other infographics. #Putin #PutinHitler #Zelenskyy #Ukraine #helpUkraine #StandwithUkraine #StopPutinNOW #StandUpForUkraine #Russia #news
#CloseTheSky #UkraineWar #Russians #NeverAgain #ArmUkraineNow  #NATO https://t.co/yRvOxn0moL",2022-06-14 01:58:44+00:00
270,TornCurtain1991,"Bucolic #Ukraine forest is site of mass grave exhumation. Russian legacy of torturing Ukrainians, killing them and burying them in mass graves continues. Never forget, never forgive. Eternal damnation on #Russia, #Russians &amp; #Putin. #DefeatRussia  https://t.co/nOYtfmofOZ",2022-06-14 01:57:25+00:00
271,20PEACE22media,"@ukraine_world Help retweeting. Look at other infographics. #Putin #PutinHitler #Zelenskyy #Ukraine #helpUkraine #StandwithUkraine #StopPutinNOW #StandUpForUkraine #Russia #news
#CloseTheSky #UkraineWar #Russians #NeverAgain #ArmUkraineNow  #NATO https://t.co/nyaU1lTSpL",2022-06-14 01:56:10+00:00
272,HerryNapit,"Russia's invasion of Ukraine continues to destroy many lives, creates global food crisis. Putin pushes millions of people in Afghanistan Lebanon, Syria, Yemen, Tigray, Africa into hunger.üíîüò≠ 

Act now, hey world, Biden, China, France, Germany, India, NATO #Ukraine #Russia #Putin https://t.co/LRDe6kK08t https://t.co/orwxCzxckH",2022-06-14 01:52:38+00:00
273,MisterT_333,"@GOP #BALLWASHER'$üçíüçíü§™üòúüòõü§™ esp the phony, bs 'make-believe types, who feign concern or anger like @Mike_Pence,
 
RESIGN &amp; admit #trump'$ UKRAINE policies HARMd #UKRAINE &amp; BENEFITd #Putin &amp; #russia;

CONFESS hi treason as #Russian abettor$, or

SIT DOWN https://t.co/knxnjUtLCo",2022-06-14 01:51:07+00:00
274,_Thirunarayan1,"Pierre Carter: The man who paraglided off of Mount Everest and into the history books https://t.co/D0WEFAPKQF
#Biden #CNN #India #World #saudi #twitter #Movie #BB #Breaking #StrongerTogether #Vote #News #China #USA #UK #Russia #Ukraine #WW3 #Putin #Sweden",2022-06-14 01:50:54+00:00
275,SEdward24,RT @raging545: VIDEO of American volunteers of the Ukrainian Foreign Legion in battle with Russian forces near Severodonestk. #Russia #Ukra‚Ä¶,2022-06-14 01:50:12+00:00
276,bernardfoong,"RT @WeissJsw819: Explore https://t.co/VKL1ZxZSKh

Click. Press. Touch. ‚û°Ô∏è https://t.co/IN9IezZ3GH

#Ukraine #Zelenskyy #UkraineInvasion #Uk‚Ä¶",2022-06-14 01:47:01+00:00
277,TattvavitTiwari,"RT @reachind_USACAN: .@SenRichardBlack telling us truth of #RussiaUkraineConflict 

1. #Ukraine used as proxy byüá∫üá∏
2. #Putin has framed as‚Ä¶",2022-06-14 01:46:45+00:00
278,MimiPlevinFoust,RT @citizensclimate: Switching to clean energy means we won‚Äôt have to import our energy from Putin‚Äôs regime ever again. Ask the President t‚Ä¶,2022-06-14 01:46:28+00:00
279,TerriBennet,RT @art_bennet: I think everybody should've taken in this #Ukraine #NATO question &amp; #Putin answer at some time - then investigated as much‚Ä¶,2022-06-14 01:45:16+00:00
280,shootlancer,"RT @nexta_tv: Although #Putin claims there are no conscripts in #Ukraine, 19-year-old Danil Maloletkov was buried in #Tatarstan, #Russia. h‚Ä¶",2022-06-14 01:45:09+00:00
281,Gaurav1212121,"RT @reachind_USACAN: .@SenRichardBlack telling us truth of #RussiaUkraineConflict 

1. #Ukraine used as proxy byüá∫üá∏
2. #Putin has framed as‚Ä¶",2022-06-14 01:40:35+00:00
282,atmine22,"@Adrian86749524 @Osyka44 @franklin_qz LOL, negotiate with who? #putin has already said ""no negotiations"" and #lavrov lies incessantly so cannot be trusted. #medvedev has stated #Ukrainians should be exterminated. 

Who can #Ukraine negotiate with even if they wanted to.

#russia losing too many troops and materiel ha",2022-06-14 01:40:10+00:00
283,AcmCollective,RT @bad_immigrant: Last week law that would cancel acknowledgment of Lithuanian independence was introduced in russian parliament for debat‚Ä¶,2022-06-14 01:36:35+00:00
284,_Thirunarayan1,"U.S. Cities Test Naming Heat Waves As A Warning System, Similar To Hurricanes 
https://t.co/xLjEcCyydj 
#Biden #NBC #MSNBC #CNBC #India #CNN #World #shorts #saudi #twitter #Movie #BB #Breaking #StrongerTogether #Vote #News #China #USA #UK #Russia #Ukraine #WW3 #Putin #Sweden",2022-06-14 01:34:46+00:00
285,gail_sloane,RT @Voic6Indigenous: @Jim_Jordan Okay so he knew ahead of time that #Putin would illegally enter the #Ukraine and commit ‚Äúwar crimes.‚Äù Than‚Ä¶,2022-06-14 01:34:45+00:00
286,HannesCerny,"(1) Spot on piece on why greatest threat to #Ukraine isn't Russian artillery but short attention span of Western democracies, ""Ukraine fatigue"" 
#Putin has made clear he's in this for the long haul, comparing himself to Peter the Great who fought Nordic War that lasted 21 yrs ...",2022-06-14 01:29:42+00:00
287,WilliamJamesLe1,RT @Voic6Indigenous: Okay so he knew ahead of time that #Putin would illegally enter the #Ukraine and commit ‚Äúwar crimes.‚Äù Thanks for the i‚Ä¶,2022-06-14 01:26:37+00:00
288,GySgt_T,"RT @Ewe_Paz_HeT: Some have thought in history that pillage, murder and barbarism could be the rule of international order. Militarily or ci‚Ä¶",2022-06-14 01:26:27+00:00
289,slice7,"RT @InnaSovsun: Gazprom, Lukoil and other companies of #Putin, who is now destroying #Ukraine have been lobbying hard to get fossil gas in‚Ä¶",2022-06-14 01:26:04+00:00
290,NoMoreBooks,RT @Voic6Indigenous: @Jim_Jordan Okay so he knew ahead of time that #Putin would illegally enter the #Ukraine and commit ‚Äúwar crimes.‚Äù Than‚Ä¶,2022-06-14 01:25:00+00:00
291,eightynines,RT @O_Ostapchuk: Peter's reign transformed the secluded Moscow kingdom into the Russian empire at cost of annexation of #Ukraine &amp; the Balt‚Ä¶,2022-06-14 01:24:34+00:00
292,atmine22,"@paulinepark Dead right, it started back around 2003 when #russian #oligarchs wanted to privatize #Ukraine industry and were thwarted by courts. Since then #russia has made various agrssive moves until 2014 when they armed #donbass.
since then #putin more aggressive",2022-06-14 01:23:46+00:00
293,kerziouk,"RT @phillipsoninst: In 2014, photojournalist¬†Serhii Korovayny¬†watched Russian forces take his home town, Khartsyzsk in Donetsk region. Eigh‚Ä¶",2022-06-14 01:22:55+00:00
294,AsianTigersJp,"#trump #donaldjtrumpjr #repmtg #CatalinaLauf #kimKBaltimore #karilake #seanhannity #TuckerCarlson #TedCruz #Covid #Vaccine #virus #Pfizer #Moderna #Mandate #trudeau #truck #ottawa #Canada #Ukraine #Russia #Putin

How in the heck do the adults in attendance think this is ok? https://t.co/b7R2W1c9VX",2022-06-14 01:22:44+00:00
295,VickieBouska,"RT @phillipsoninst: Dead dolphins: how nature became another casualty of the Ukraine war.

Often overlooked amid the human suffering, Russi‚Ä¶",2022-06-14 01:22:08+00:00
296,AsianTigersJp,"#trump#trumpwarroom #donaldjtrumpjr #repmtg #CatalinaLauf #kimKBaltimore #karilake #seanhannity #TuckerCarlson #TedCruz #Covid #Vaccine #virus #Pfizer #Moderna #Mandate #trudeau #Canada #Ukraine #Russia #Putin

Stop trying to blame others.  The Brain Dead Puppet is the reason. https://t.co/sDHNFjI18Z",2022-06-14 01:21:39+00:00
297,TigerKnowz,"@MarkHertling Thanks for your insights. It makes me believe even more strongly that the US+NATO should've started arming üá∫üá¶YEARS AGO. #putin 1st invaded #Ukraine in '14, #Obama sent a few weapons that weren't to be used in vs.üá∑üá∫-Why?? üá©üá™+üá´üá∑ sold weapons to üá∑üá∫.
Betrayal of üá∫üá¶ just bewildering!",2022-06-14 01:21:16+00:00
298,UkrainianFF,"RT @raging545: A Russian Ka-52 ""Alligator"" attack helicopter was shot down near Izyum in NE Ukraine today by the Ukrainian 93rd separate me‚Ä¶",2022-06-14 01:21:06+00:00
299,_Thirunarayan1,"Welcome to the year of the bear (market) https://t.co/PIMLWgzZZX
#Biden #CNN #India #World #saudi #twitter #Movie #BB #Breaking #StrongerTogether #Vote #News #China #USA #UK #Russia #Ukraine #WW3 #Putin #Sweden",2022-06-14 01:20:54+00:00
300,meserehiluf,"RT @DavidKevinDw3: Would you partner with #Putin if this were in #Ukraine
??
I don't think you didn't hear about #500K+ killing of civilian‚Ä¶",2022-06-14 01:18:23+00:00
301,Osyka44,"RT @GVAResearch: @AV8intheblue Yup. Let‚Äôs not forget #Putin &amp; #XiJinping forming alliance against The West in Beijing on 2/4/22. First, #Uk‚Ä¶",2022-06-14 01:15:48+00:00
302,_Thirunarayan1,"Jennifer Hudson Achieves EGOT Status 
https://t.co/QxE2YoJwr5 
#Biden #NBC #MSNBC #CNBC #India #CNN #World #shorts #saudi #twitter #Movie #BB #Breaking #StrongerTogether #Vote #News #China #USA #UK #Russia #Ukraine #WW3 #Putin #Sweden",2022-06-14 01:14:46+00:00
303,freedom_psycho,"11 years since started in Syria, 11 years!
##Ukraine #Russia #syria #assad #Putin #WarInUkraine https://t.co/4oYAXQlsFo",2022-06-14 01:09:51+00:00
304,GNUmatic,RT @bad_immigrant: Last week law that would cancel acknowledgment of Lithuanian independence was introduced in russian parliament for debat‚Ä¶,2022-06-14 01:09:09+00:00
305,phillipsoninst,"In 2014, photojournalist¬†Serhii Korovayny¬†watched Russian forces take his home town, Khartsyzsk in Donetsk region. Eight years later, with the next invasion by Russia, he and his family had to flee a second time. 
#Ukraine #Russia #Putin
#PutinsWar
https://t.co/x3SD1yRNk2",2022-06-14 01:05:28+00:00
306,socialismoolib1,"üá∫üá¶#UKRAINE #UKRAINERUSSIAWAR 

#News 

üî´06/12/2022 Day 109

üá∑üá∫Genocidal dictator #Putin #communist #Russia

Assaults Severodonetsk, blew up bridges #connect #Severodonetsk-#Lysychansk across #SiverskyiDonets River 

Attempt to cut Ukraine GLOCs #Bakhmut-#Lysychansk-Severodonestk https://t.co/wt14rYnjyg",2022-06-14 01:05:22+00:00
307,BeautyWomantoW1,"She's very talented. Glad I had came back online for a few minutes tonight &amp; saw your tweet. 
#Ukraine üá∫üá¶üåª
#Artist 
#Putin 
#Russia 
#GlobalPolitics 
#Europe https://t.co/A19a87ekbO https://t.co/uFP6d4lN5c",2022-06-14 01:04:39+00:00
308,anonalytics,"Busy night, #Russia is getting royally rooted üòÇüòé
#SlavaUkraini üá∫üá¶ #Anonymous #HackersAgainstPutin  #Ukraine  #UkraineRussianWar #RussiaUkraineWar #SlavaUkraine #IStandWithUkraineÔ∏è #Putin  and #FCKPTN https://t.co/bY5b3eq0u3",2022-06-14 01:02:03+00:00
309,Videlicet87,RT @bad_immigrant: Last week law that would cancel acknowledgment of Lithuanian independence was introduced in russian parliament for debat‚Ä¶,2022-06-14 01:01:48+00:00
310,rubycooper007,"RT @HerryNapit: Russia burned Ukrainian seeds and crops in Ukraine, pushing millions towards famine in Afghanistan, Lebanon, Syria, Yemen,‚Ä¶",2022-06-14 00:59:56+00:00
311,bloomsbury1918,"Joe Biden cannot allow (openly) Zelensky to shell unarmed civilians in Donetsk, it would be too blatant for Europe, UK, Canada's real interests against #Russia and #Putin ‚ÄîNo wants that, If Zelensky won't listen, US needs to set a wider red line in #Ukraine üòå Control your dog https://t.co/aNHXtlYnXW",2022-06-14 00:59:14+00:00
312,apreciodehuevo,RT @raging545: In Kharkiv region near Izyum Ukrainian missile air defences shot down a Russian Su-34 fighter-bomber.  #Russia #Ukraine #Put‚Ä¶,2022-06-14 00:58:00+00:00
313,Michael90937613,"Admit #Ukraine to the #EU NOW !    I stand 100% with the brave fighters &amp; people of #Ukraine  üá∫üá¶  #Standwithukraine

#Putin has compared himself to #PetertheGreat &amp; wants to reassemble the greatness of #Russia 

#Ukraine is just first country on his list 

#PUTINISAWARCRIMINAl https://t.co/HWtz3sdUL0",2022-06-14 00:57:26+00:00
314,theFLPatriot,Unpopular opinion. Russia isn‚Äôt the bad guy. #Russia #Ukraine #Putin,2022-06-14 00:55:58+00:00
315,Aidane_dxb,"At this stage, it is better for #NATO #USA and all the stupid #EU countries, to make their deliveries to #Russia directly. They are basically refurbishing #Putin arms stock for free ü§∑üèΩ‚Äç‚ôÄÔ∏è Stupid much? Or???
#Ukraine #UkraineWar #UkraineRussiaWar #RussiaUkraine #RussianUkrainianWar https://t.co/3XpbTJlhqn",2022-06-14 00:55:48+00:00
316,phillipsoninst,"Dead dolphins: how nature became another casualty of the Ukraine war.

Often overlooked amid the human suffering, Russia is inflicting lasting damage on wildlife and globally important wetlands.
#Russia #Ukraine #Putin 
#RussiaInvadedUkraine 
#environment
https://t.co/b5mRVp9hdE",2022-06-14 00:53:34+00:00
317,NetherwoodMz,RT @Privity: #EU is allowing #Ukraine to suffer extreme damage by cutting back on technical aid &amp; effective munitions. Ukraine is prohibite‚Ä¶,2022-06-14 00:53:03+00:00
318,_Thirunarayan1,"Thompson says committee will not criminally refer Trump or others to DOJ https://t.co/kS3Qxd6jVr
#Biden #CNN #India #World #saudi #twitter #Movie #BB #Breaking #StrongerTogether #Vote #News #China #USA #UK #Russia #Ukraine #WW3 #Putin #Sweden",2022-06-14 00:50:52+00:00
319,789Bigsky,"@BuzWeaver @walter_report I am quite surprised NATOüá∫üá≥ USAüá∫üá∏UKüá¨üáßCANüá®üá¶ did nothing to discourage/prevent the invasion of #Ukraineüá∫üá¶ It was no doubt that #Putin was amassing weapons and military vehicles with the intent of using them. #Russia could go home and stop raping and killing, that would end it.",2022-06-14 00:48:57+00:00
320,darkchar,"RT @SarahAshtonLV: While #Putin is in a bunker and Europe is scared to properly engage him, #Ukraine's economy has gone to shit and we've l‚Ä¶",2022-06-14 00:47:46+00:00
321,IahRataza,The World needs  #love  https://t.co/sVbjCWuQxm  #hiphop #superhero #Ok #dccomics #rap #musicaltheatre #monkeypox  #NBA #buffaloshoooting #BuffaloNY #photo #russia #ukraine #TexasSchoolMassacre  #lifeinsurance  #Uvalde #uvaldetx  #picoftheday #putin #UvaldeStrong  #UvaldeMassacre https://t.co/ck8ndmeCDR,2022-06-14 00:46:31+00:00
322,GVAResearch,"@TheStalwart Yes, all true, except you neglect to mention #Putin‚Äôs war on #Ukraine spiking #food and #energy prices. Yes, they are excluded from core #CPI, but households still have to pay them. https://t.co/V5kCZ42kPT",2022-06-14 00:44:56+00:00
323,fredhickey,RT @Voic6Indigenous: @Jim_Jordan Okay so he knew ahead of time that #Putin would illegally enter the #Ukraine and commit ‚Äúwar crimes.‚Äù Than‚Ä¶,2022-06-14 00:44:55+00:00
324,occono,"RT @MullenMulling: People everywhere need to keep this destruction front and centre in the media, as a call to action to help #Ukraine. #Pu‚Ä¶",2022-06-14 00:44:48+00:00
325,quiltthewalls,"RT @ignis_fatum: üõëüõëüõëAftermath of the #putin regime terrorists missile strikes in Chortkiv, Ternopil region yesterday 
#Ukraine #Russia http‚Ä¶",2022-06-14 00:42:24+00:00
326,quiltthewalls,RT @ignis_fatum: üõëüõëüõëVideo from #Ukraine army of #Putin regime terrorists equipment getting destroyed #Russia https://t.co/i1hNBKT0BC,2022-06-14 00:42:18+00:00
327,quiltthewalls,"RT @ignis_fatum: üõëüõëüõëAftermath of the #putin regime terrorists missile strikes in Chortkiv, Ternopil region yesterday 
#Ukraine #Russia http‚Ä¶",2022-06-14 00:42:00+00:00
328,quiltthewalls,RT @ignis_fatum: üõëüõëüõëVideo from #Ukraine army of #Putin regime terrorists equipment getting destroyed #Russia https://t.co/sEfCHbysQe,2022-06-14 00:41:53+00:00
329,quiltthewalls,RT @ignis_fatum: üõëüõëüõëVideo from #Ukraine army of #Putin regime terrorists equipment getting destroyed #Russia https://t.co/3vrmrLa9R4,2022-06-14 00:41:47+00:00
330,quiltthewalls,RT @ignis_fatum: üõëüõëüõëVideo from #Ukraine army of #Putin regime terrorists equipment getting destroyed #Russia https://t.co/jAiJqOqZkD,2022-06-14 00:41:44+00:00
331,quiltthewalls,RT @ignis_fatum: üõëüõëüõëCCTV footage of a #Ukraine army strike on the #putin regime terrorists positions in Nova Kakhovka in the Kherson region‚Ä¶,2022-06-14 00:41:11+00:00
332,quiltthewalls,"RT @ignis_fatum: üõëüõëüõëAftermath of the #putin regime terrorists shelling in #Kherson region 
#Ukraine #Russia https://t.co/eeA2DVJwdf",2022-06-14 00:41:05+00:00
333,no1historychick,"RT @MullenMulling: People everywhere need to keep this destruction front and centre in the media, as a call to action to help #Ukraine. #Pu‚Ä¶",2022-06-14 00:39:42+00:00
334,GVAResearch,"@AV8intheblue Yup. Let‚Äôs not forget #Putin &amp; #XiJinping forming alliance against The West in Beijing on 2/4/22. First, #Ukraine, #Taiwan apparently just a matter of time. #China Warns of Risk of #War Over Taiwan While Pledging Peace  https://t.co/7GxS5ALMk3",2022-06-14 00:36:28+00:00
335,BuzzardFart,"RT @proudukraine: #Putin said that #Russia's goal is to get back all lost ""#Russian lands"".

Just to remind #Scholz that for #Russians East‚Ä¶",2022-06-14 00:35:32+00:00
336,SalzmanArt,"RT @DirIllustration: ""Stop the madness,‚Äù illustration by Mirko Cresta.

Mirko is represented by @SalzmanArt. Explore his portfolio on the D‚Ä¶",2022-06-14 00:35:16+00:00
337,GeorgeVSilva,"RT @MullenMulling: People everywhere need to keep this destruction front and centre in the media, as a call to action to help #Ukraine. #Pu‚Ä¶",2022-06-14 00:34:07+00:00
338,shangrila002,"RT @MullenMulling: People everywhere need to keep this destruction front and centre in the media, as a call to action to help #Ukraine. #Pu‚Ä¶",2022-06-14 00:32:42+00:00
339,Liisu_A,"RT @MullenMulling: People everywhere need to keep this destruction front and centre in the media, as a call to action to help #Ukraine. #Pu‚Ä¶",2022-06-14 00:30:44+00:00
340,Avi33Hoffman,"@McFaul #Putin will never end the war with #Ukraine alone. He must be forced by a SIGNIFICANT #EU/#NATO/#World #HumanitarianPeaceForce that gives him an exit deadline. 
Otherwise the killing will continue. #HowManyHaveToDie #NeverAgainIsNOW #SaveTheChildren #SaveUkraine",2022-06-14 00:30:21+00:00
341,BSBonner,"RT @MullenMulling: People everywhere need to keep this destruction front and centre in the media, as a call to action to help #Ukraine. #Pu‚Ä¶",2022-06-14 00:30:06+00:00
342,NewsMjm,"#Macron #wrong about #Putin ‚Äì #Czech #Republic #F4F #FollowMe #FollowBack #FollowForFollow
#rtitbot #RT #Follow #mJmNews https://t.co/2h4znlIQv9 #czechrepublic #emmanuelmacron #europe #mjmnews #rt #russia #ukraine",2022-06-14 00:29:58+00:00
343,NemoAnother,"RT @InnaSovsun: Gazprom, Lukoil and other companies of #Putin, who is now destroying #Ukraine have been lobbying hard to get fossil gas in‚Ä¶",2022-06-14 00:29:33+00:00
344,Michael90937613,"#Polish President #AndrzejDuda has excoriated #Germany's #Scholz and #France's #Macron for warning against ""humiliating"" #Putin over invasion of #Ukraine. He has accused them legitimizing #Russian atrocities.

#PUTINISAWARCRIMINAL. HE SHOULD BE TRIED AND EXECUTED IF FOUND GUILTY https://t.co/YgqmN5Fvf5",2022-06-14 00:25:41+00:00
345,funlaughangel,Ukraine‚Äôs military destroys one Russian jet and 150 troops in a single day https://t.co/YlwOK8BBOZ #Putin #Russia #Potus #Usa #Zelensky #Ukraine,2022-06-14 00:23:29+00:00
346,_Thirunarayan1,"Bernie Sanders says he won't primary Biden and would support him if he runs again https://t.co/2iuslRSN7w
#Biden #CNN #India #World #saudi #twitter #Movie #BB #Breaking #StrongerTogether #Vote #News #China #USA #UK #Russia #Ukraine #WW3 #Putin #Sweden",2022-06-14 00:20:51+00:00
347,CossackCyber,RT @GlasnostGone: I had no idea the Kremlin run @instagram? Because yesterday #Putin's #Russia.... #Instagram deleted my new account. It's‚Ä¶,2022-06-14 00:20:43+00:00
348,_Thirunarayan1,"Senators Work On New Gun Deal Framework 
https://t.co/G7LDsvJlHz 
#Biden #NBC #MSNBC #CNBC #India #CNN #World #shorts #saudi #twitter #Movie #BB #Breaking #StrongerTogether #Vote #News #China #USA #UK #Russia #Ukraine #WW3 #Putin #Sweden",2022-06-14 00:19:42+00:00
349,MullenMulling,"People everywhere need to keep this destruction front and centre in the media, as a call to action to help #Ukraine. #Putin predicts people will get bored as they move onto the next atrocity or perverse ""entertainment"" - prove him wrong. https://t.co/fIXpeVvqew",2022-06-14 00:18:10+00:00
350,fimawit,"RT @DavidKevinDw3: Would you partner with #Putin if this were in #Ukraine
??
I don't think you didn't hear about #500K+ killing of civilian‚Ä¶",2022-06-14 00:15:54+00:00
351,anonalytics,"Its totally legal to use these? I mean, nobody like #Russia right? üòÇ
Disclaimer: #Anonymous would never condone stealing from the #Russian people. This dump is for lulz purposes only üëç
#SlavaUkraini üá∫üá¶ #Ukraine #UkraineRussianWar #RussiaUkraineWar #SlavaUkraine #Putin &amp; #FCKPTN https://t.co/Qn3woULDQO",2022-06-14 00:15:40+00:00
352,DrMaturin1802,"@AJCGlobal @BrookingsInst @ConStelz I respectfully disagree. Henry Kissinger, probably correctly, opines the war will end with negotiations. So why wait? #Putin is a very bad man, with enough nukes to kill everyone. #China is a graver threat. We have no historical special relationship w/#Ukraine. @militarydads",2022-06-14 00:15:22+00:00
353,_Thirunarayan1,"Trump Campaign Staff Testify In January 6th Second Hearing 
https://t.co/aCSzdh2rBk 
#Biden #NBC #MSNBC #CNBC #India #CNN #World #shorts #saudi #twitter #Movie #BB #Breaking #StrongerTogether #Vote #News #China #USA #UK #Russia #Ukraine #WW3 #Putin #Sweden",2022-06-14 00:14:41+00:00
354,otfyxXWzpwdfTra,"#Russia Soldiers, cowards #Putin Don't obey!
Throw away your weapons and go home!
And eat a hot dinner with the whole family.
Stay close to your family and lover who are worried about you.
The protagonists of Russia are you and your family. Not putin
#Ukraine #NoWar #StopWar https://t.co/ITP4ph1lkY",2022-06-14 00:14:30+00:00
355,bloomsbury1918,"Western journalists have an editorial line that fills their monthly paycheck, this one is pro #Ukraine so if you expect the same people who dehumanize Palestinians, Syrians, indigenous, Yemenis to speak for the Pro Russians against Zelensky ‚Äî you, are wrong.

#Russia #Putin",2022-06-14 00:14:05+00:00
356,MojcaZega,"RT @InnaSovsun: Gazprom, Lukoil and other companies of #Putin, who is now destroying #Ukraine have been lobbying hard to get fossil gas in‚Ä¶",2022-06-14 00:13:51+00:00
357,agilmani,"@JaredHuffman @JohnKerry @JaredHuffman, You are pretending you support #Ukraine while also supporting aid to #Armenia, who is transferring weapons to #Putin? Why not cut that part of the budget? Our boys both advising, volunteering &amp; getting killed by jets ones stationed in #Gyumri, #Armenia.",2022-06-14 00:12:26+00:00
358,DrPMarkiewicz,"The message here is simple - arm #Ukraine to the teeth. Only then can #Putin be defeated and #Russia learn to live in the world as a nation state, not an aggressive neoimperialist power seeking to subjugate others.

https://t.co/jX3KXi4fcb",2022-06-14 00:11:19+00:00
359,Michael90937613,"#Polish President #AndrzejDuda has excoriated #Germany's #Scholz and #France's #Macron for warning against ""humiliating"" #Putin over invasion of #Ukraine. He has accused them legitimizing #Russian atrocities.

#PUTINISAWARCRIMINAL. HE SHOULD BE TRIED AND EXECUTED IF FOUND GUILTY https://t.co/xWXMNCwKjB",2022-06-14 00:11:08+00:00
360,funlaughangel,"Russia's Oil Revenue Soars Despite Sanctions, Study Finds https://t.co/JCvl56SaTP #Russia #Putin #Potus #Usa #Ukraine #Zelensky",2022-06-14 00:10:32+00:00
361,TwBr61196012,"RT @DavidKevinDw3: Would you partner with #Putin if this were in #Ukraine
??
I don't think you didn't hear about #500K+ killing of civilian‚Ä¶",2022-06-14 00:10:21+00:00
362,NYCryptoKing,"Pay Attention: Nicaragua gives permission for Russian troops to enter country #News #Nicaragua #RussiaUkraineWar #Taiwan
#china #sheep #stopbidennow #ukraine #Putin

https://t.co/G0UML6VDA3",2022-06-14 00:10:01+00:00
363,Michael90937613,"Admit #Ukraine to the #EU NOW !    I stand 100% with the brave fighters &amp; people of #Ukraine  üá∫üá¶  #Standwithukraine

#Putin has compared himself to #PetertheGreat &amp; wants to reassemble the greatness of #Russia 

#Ukraine is just first country on his list 

#PUTINISAWARCRIMINAl https://t.co/K5m79lPkTk",2022-06-14 00:09:31+00:00
364,Michael90937613,"Admit #Ukraine to the #EU NOW !    I stand 100% with the brave fighters &amp; people of #Ukraine  üá∫üá¶  #Standwithukraine

#Putin has compared himself to #PetertheGreat &amp; wants to reassemble the greatness of #Russia 

#Ukraine is just first country on his list 

#PUTINISAWARCRIMINAl https://t.co/KcxRV5zpQo",2022-06-14 00:08:52+00:00
365,dbluest1,"In addition to #CorporateGreed, #inflation &amp; thus the #recession are being driven by #Russia #Putin war &amp; his push to create world #FoodShortage crisis to stop support for #Ukraine.

https://t.co/YDlsuE6Fai https://t.co/BsZ4L5nytD",2022-06-14 00:06:50+00:00
366,ASQUAL26,"RT @DavidKevinDw3: Would you partner with #Putin if this were in #Ukraine
??
I don't think you didn't hear about #500K+ killing of civilian‚Ä¶",2022-06-14 00:06:11+00:00
367,KRohanaa,"RT @DavidKevinDw3: Would you partner with #Putin if this were in #Ukraine
??
I don't think you didn't hear about #500K+ killing of civilian‚Ä¶",2022-06-14 00:03:44+00:00
368,ChandraParikh,"RT @reachind_USACAN: .@SenRichardBlack telling us truth of #RussiaUkraineConflict 

1. #Ukraine used as proxy byüá∫üá∏
2. #Putin has framed as‚Ä¶",2022-06-14 00:02:53+00:00
369,art_bennet,"I think everybody should've taken in this #Ukraine #NATO question &amp; #Putin answer at some time - then investigated as much as necessary.
Then, when condemning #Russia, they could never plead ignorance - only malice.
https://t.co/114ShWWOsa
(Also, the comments worth reading, too.)",2022-06-13 23:59:26+00:00
370,LemarocN,"@MarkHertling Thank you for sharing.
How long would it take to transform and modernize the Ukrainian army?

#NoMoreWeapon #MakePeace #NoToKraken #StopWar #Ukraine #FreeUkraine #OtanCriminal #Otan #OtanCriminal #BFMTV #cnews #Lci #AFP #morandini #Russia #zelensky #Putin #Sievierodonetsk",2022-06-13 23:59:26+00:00
371,IndyBeginsAt220,"RT @RitaCosby: Don‚Äôt Miss! I‚Äôll be hosting today ‚Å¶@newsmax‚Å© TV 9-11amET #SaturdayReport! Talking lots of key topics: #January6thHearing, So‚Ä¶",2022-06-13 23:58:47+00:00
372,Avi33Hoffman,"@mrsorokaa #Putin will never end the war with #Ukraine alone. He must be forced by a SIGNIFICANT #EU/#NATO/#World #HumanitarianPeaceForce that gives him an exit deadline. 
Otherwise the killing will continue. #HowManyHaveToDie #NeverAgainIsNOW #SaveTheChildren #SaveUkraine",2022-06-13 23:56:32+00:00
373,_Thirunarayan1,"Hallie Jackson NOW - June 13 | NBC News NOW 
https://t.co/GT4lj6cjrp 
#Biden #NBC #MSNBC #CNBC #India #CNN #World #shorts #saudi #twitter #Movie #BB #Breaking #StrongerTogether #Vote #News #China #USA #UK #Russia #Ukraine #WW3 #Putin #Sweden",2022-06-13 23:54:40+00:00
374,_Thirunarayan1,"White Supremacist Group Arrested In Idaho Now Out On Bail 
https://t.co/YSlCDk6DW9 
#Biden #NBC #MSNBC #CNBC #India #CNN #World #shorts #saudi #twitter #Movie #BB #Breaking #StrongerTogether #Vote #News #China #USA #UK #Russia #Ukraine #WW3 #Putin #Sweden",2022-06-13 23:54:40+00:00
375,JohnWusah,"Hey @POTUS stop blaming #Putin he‚Äôs not jacking up rent or chicken, not everything from groceries to restaurants is the result of this #Ukraine war. Here, if you‚Äôre clueless, here is a breakdown #American people think is responsible. See which is leading the polls? 
#DoBetter https://t.co/breym8dETu",2022-06-13 23:52:48+00:00
376,Avi33Hoffman,"@McFaul #Putin will never end the war with #Ukraine alone. He must be forced by a SIGNIFICANT #EU/#NATO/#World #HumanitarianPeaceForce that gives him an exit deadline. 
Otherwise the killing will continue. #HowManyHaveToDie #NeverAgainIsNOW #SaveTheChildren #SaveUkraine",2022-06-13 23:51:12+00:00
377,_Thirunarayan1,"Post Malone welcomes a baby girl https://t.co/WMl3Y47Ke7
#Biden #CNN #India #World #saudi #twitter #Movie #BB #Breaking #StrongerTogether #Vote #News #China #USA #UK #Russia #Ukraine #WW3 #Putin #Sweden",2022-06-13 23:50:51+00:00
378,_Thirunarayan1,"Google engineer claims an unreleased AI is conscious https://t.co/2Wz5JJ2JQp
#Biden #CNN #India #World #saudi #twitter #Movie #BB #Breaking #StrongerTogether #Vote #News #China #USA #UK #Russia #Ukraine #WW3 #Putin #Sweden",2022-06-13 23:50:51+00:00
379,_Thirunarayan1,"Committee highlights Trump money trail after election loss https://t.co/P5xJzTNq5u
#Biden #CNN #India #World #saudi #twitter #Movie #BB #Breaking #StrongerTogether #Vote #News #China #USA #UK #Russia #Ukraine #WW3 #Putin #Sweden",2022-06-13 23:50:51+00:00
380,ForeverRJYoung,RT @xAlphaWarriorx: To all the dumbass liberals still believing fake ass wannabes doing daily #ukraine reports. Proof from your corrupt gov‚Ä¶,2022-06-13 23:47:21+00:00
381,H24Net,"RT @H24Net: The Ukrainian military on Monday said its forces have been pushed back from the centre of the eastern city of #Severodonetsk ,‚Ä¶",2022-06-13 23:43:04+00:00
382,H24Net,"The Ukrainian military on Monday said its forces have been pushed back from the centre of the eastern city of #Severodonetsk , which has become the epicenter of the wider battle for control over the country‚Äôs eastern Donbas region. #Ukraine #Putin #Donetsk https://t.co/atNcy7BEIp",2022-06-13 23:42:47+00:00
383,IDCOBot,RT @AndiPur83: #Ukraine #Foodcrisis #Russia #Wheat #Kyiv #WEF #KlausSchwab #WHO #Monkeypox #Biden #Democrats #NATO #Putin #Resist #HIV #BTC‚Ä¶,2022-06-13 23:37:54+00:00
384,WilliamJamesLe1,RT @Voic6Indigenous: @Jim_Jordan Okay so he knew ahead of time that #Putin would illegally enter the #Ukraine and commit ‚Äúwar crimes.‚Äù Than‚Ä¶,2022-06-13 23:37:40+00:00
385,JeromeChallamel,Imperial myths and genocidal realities: 100 days of #Putin‚Äôs #UkraineWar https://t.co/ejgneOPbmt via @AtlanticCouncil #ArmUkraineNow #StandWithUkraine #Ukraine #–£–∫—Ä–∞—ó–Ω–∞ #UkraineKrieg #UkraineUnderAttack #SlavaUkraini #–°–ª–∞–≤–∞–£–∫—Ä–∞—ó–Ω—ñ,2022-06-13 23:36:11+00:00
386,yuliapopova,"@RWApodcast The famous phrase of the Emperor of #Russia Nicholas I: ""Where the #Russian flag is raised, it should not fall."" #Ukraine #Putin #Zelensky",2022-06-13 23:36:03+00:00
387,WCDaily1,"‚ö°Ô∏èThe 93rd Mechanized Brigade üá∫üá¶ has downed a Russian Ka-52 helicopter near Izium, Kharkiv region.

#Ukraine #Russia #Russian #Ukrainian #UkraineRussiaWar #RussiaUkraineWar #RussiaUkraineCrisis #UkraineUnderAttack #Izium #Kharkiv #Ka52 #Military #War #Donbas #Putin #Poland #EU https://t.co/skZqOqtLjr",2022-06-13 23:36:00+00:00
388,JeromeChallamel,Memo to #HenryKissinger: Appeasing #Putin means enabling genocide https://t.co/c6qxhcHjKu via @AtlanticCouncil #ArmUkraineNow #StandWithUkraine #Ukraine #–£–∫—Ä–∞—ó–Ω–∞ #UkraineKrieg #UkraineUnderAttack #UkraineWar #SlavaUkraini #–°–ª–∞–≤–∞–£–∫—Ä–∞—ó–Ω—ñ,2022-06-13 23:30:55+00:00
389,T5CdnEng,"@renierduplessis @ChuckPfarrer @OlenaHalushka So you defend war-crimes?  Standard #Putin the Weak ""whataboutism"".  Deflect and misdirect all you want, but #Russia invaded #Ukraine and there is no choice but to defeat and eject them.",2022-06-13 23:25:59+00:00
